order_id,payment_method,payment_status
ORD00001,Debit Card,Success
ORD00002,UPI,Success
ORD00003,Wallet,Success
ORD00004,Credit Card,Success
ORD00005,Wallet,Failed
ORD00006,Wallet,Success
ORD00007,Net Banking,Success
ORD00008,Wallet,Success
ORD00009,Debit Card,Success
ORD00010,Debit Card,Success
ORD00011,Wallet,Success
ORD00012,Credit Card,Success
ORD00013,Wallet,Success
ORD00014,Net Banking,Success
ORD00015,Debit Card,Success
ORD00016,Credit Card,Success
ORD00017,UPI,Success
ORD00018,Net Banking,Success
ORD00019,Wallet,Success
ORD00020,Debit Card,Success
ORD00021,Wallet,Success
ORD00022,Wallet,Success
ORD00023,Wallet,Success
ORD00024,Credit Card,Success
ORD00025,Net Banking,Success
ORD00026,Credit Card,Success
ORD00027,Net Banking,Success
ORD00028,UPI,Success
ORD00029,Net Banking,Success
ORD00030,Wallet,Success
ORD00031,Debit Card,Success
ORD00032,Wallet,Success
ORD00033,Credit Card,Success
ORD00034,Wallet,Success
ORD00035,Debit Card,Success
ORD00036,Debit Card,Success
ORD00037,Credit Card,Success
ORD00038,Credit Card,Success
ORD00039,Net Banking,Success
ORD00040,Wallet,Success
ORD00041,Wallet,Success
ORD00042,Credit Card,Success
ORD00043,Wallet,Success
ORD00044,Debit Card,Success
ORD00045,Credit Card,Success
ORD00046,Net Banking,Success
ORD00047,Credit Card,Success
ORD00048,Net Banking,Success
ORD00049,Credit Card,Success
ORD00050,Net Banking,Success
ORD00051,Credit Card,Success
ORD00052,UPI,Success
ORD00053,Credit Card,Success
ORD00054,Net Banking,Success
ORD00055,Credit Card,Success
ORD00056,UPI,Success
ORD00057,UPI,Success
ORD00058,UPI,Success
ORD00059,Credit Card,Success
ORD00060,Net Banking,Success
ORD00061,Debit Card,Success
ORD00062,Debit Card,Success
ORD00063,Credit Card,Success
ORD00064,UPI,Success
ORD00065,UPI,Success
ORD00066,Debit Card,Success
ORD00067,Credit Card,Success
ORD00068,Net Banking,Success
ORD00069,UPI,Success
ORD00070,Credit Card,Success
ORD00071,UPI,Success
ORD00072,Wallet,Success
ORD00073,Net Banking,Success
ORD00074,UPI,Success
ORD00075,Debit Card,Success
ORD00076,UPI,Success
ORD00077,Credit Card,Success
ORD00078,Wallet,Success
ORD00079,Net Banking,Success
ORD00080,Wallet,Success
ORD00081,Wallet,Success
ORD00082,Wallet,Success
ORD00083,Wallet,Success
ORD00084,UPI,Success
ORD00085,Wallet,Success
ORD00086,Credit Card,Success
ORD00087,Net Banking,Success
ORD00088,Credit Card,Success
ORD00089,Wallet,Success
ORD00090,Net Banking,Success
ORD00091,Debit Card,Success
ORD00092,Wallet,Success
ORD00093,Credit Card,Success
ORD00094,UPI,Success
ORD00095,Credit Card,Success
ORD00096,Credit Card,Success
ORD00097,Wallet,Success
ORD00098,Debit Card,Success
ORD00099,Wallet,Success
ORD00100,Debit Card,Success
ORD00101,Wallet,Success
ORD00102,UPI,Success
ORD00103,UPI,Success
ORD00104,Wallet,Success
ORD00105,UPI,Success
ORD00106,Debit Card,Success
ORD00107,Wallet,Success
ORD00108,Wallet,Failed
ORD00109,Net Banking,Success
ORD00110,Credit Card,Success
ORD00111,Credit Card,Failed
ORD00112,Debit Card,Success
ORD00113,Debit Card,Success
ORD00114,UPI,Success
ORD00115,Wallet,Success
ORD00116,Wallet,Success
ORD00117,Debit Card,Failed
ORD00118,UPI,Success
ORD00119,UPI,Success
ORD00120,Wallet,Success
ORD00121,Debit Card,Success
ORD00122,Credit Card,Success
ORD00123,UPI,Success
ORD00124,Wallet,Success
ORD00125,UPI,Success
ORD00126,Debit Card,Success
ORD00127,UPI,Success
ORD00128,Net Banking,Success
ORD00129,Credit Card,Success
ORD00130,UPI,Success
ORD00131,Credit Card,Success
ORD00132,Wallet,Success
ORD00133,Debit Card,Success
ORD00134,Credit Card,Success
ORD00135,Wallet,Success
ORD00136,UPI,Success
ORD00137,Debit Card,Success
ORD00138,Credit Card,Success
ORD00139,UPI,Success
ORD00140,Net Banking,Success
ORD00141,Wallet,Success
ORD00142,Debit Card,Success
ORD00143,UPI,Success
ORD00144,Wallet,Success
ORD00145,Wallet,Success
ORD00146,Net Banking,Success
ORD00147,UPI,Success
ORD00148,UPI,Success
ORD00149,Wallet,Success
ORD00150,Credit Card,Success
ORD00151,Wallet,Success
ORD00152,Net Banking,Success
ORD00153,Wallet,Failed
ORD00154,Wallet,Success
ORD00155,UPI,Success
ORD00156,Wallet,Success
ORD00157,Credit Card,Success
ORD00158,Credit Card,Success
ORD00159,UPI,Failed
ORD00160,Wallet,Success
ORD00161,Credit Card,Success
ORD00162,UPI,Success
ORD00163,Net Banking,Success
ORD00164,UPI,Success
ORD00165,Net Banking,Success
ORD00166,Net Banking,Success
ORD00167,Debit Card,Success
ORD00168,UPI,Success
ORD00169,Wallet,Success
ORD00170,Wallet,Success
ORD00171,UPI,Success
ORD00172,Wallet,Success
ORD00173,Wallet,Success
ORD00174,Credit Card,Success
ORD00175,Net Banking,Success
ORD00176,Debit Card,Success
ORD00177,Credit Card,Success
ORD00178,Debit Card,Success
ORD00179,Net Banking,Success
ORD00180,Wallet,Success
ORD00181,Credit Card,Success
ORD00182,Net Banking,Success
ORD00183,UPI,Success
ORD00184,Net Banking,Success
ORD00185,UPI,Success
ORD00186,Net Banking,Success
ORD00187,Wallet,Success
ORD00188,UPI,Success
ORD00189,Net Banking,Success
ORD00190,UPI,Success
ORD00191,Wallet,Success
ORD00192,Debit Card,Success
ORD00193,UPI,Success
ORD00194,Net Banking,Success
ORD00195,Credit Card,Success
ORD00196,Net Banking,Success
ORD00197,Debit Card,Success
ORD00198,Credit Card,Success
ORD00199,UPI,Success
ORD00200,Credit Card,Success
ORD00201,Wallet,Success
ORD00202,Credit Card,Success
ORD00203,Net Banking,Success
ORD00204,Debit Card,Success
ORD00205,Credit Card,Success
ORD00206,Wallet,Success
ORD00207,Net Banking,Success
ORD00208,Net Banking,Success
ORD00209,Credit Card,Success
ORD00210,Debit Card,Success
ORD00211,Wallet,Failed
ORD00212,Wallet,Success
ORD00213,Net Banking,Success
ORD00214,UPI,Success
ORD00215,Credit Card,Success
ORD00216,Credit Card,Success
ORD00217,Net Banking,Success
ORD00218,Wallet,Success
ORD00219,Credit Card,Success
ORD00220,UPI,Success
ORD00221,Debit Card,Success
ORD00222,Debit Card,Success
ORD00223,UPI,Success
ORD00224,UPI,Success
ORD00225,Credit Card,Success
ORD00226,UPI,Success
ORD00227,Net Banking,Failed
ORD00228,Debit Card,Success
ORD00229,UPI,Success
ORD00230,Net Banking,Success
ORD00231,Debit Card,Success
ORD00232,UPI,Success
ORD00233,Credit Card,Success
ORD00234,Credit Card,Success
ORD00235,Wallet,Success
ORD00236,Credit Card,Success
ORD00237,Debit Card,Success
ORD00238,Credit Card,Success
ORD00239,Net Banking,Success
ORD00240,Net Banking,Success
ORD00241,Net Banking,Success
ORD00242,UPI,Success
ORD00243,Wallet,Success
ORD00244,UPI,Success
ORD00245,Net Banking,Success
ORD00246,UPI,Success
ORD00247,Debit Card,Success
ORD00248,Credit Card,Success
ORD00249,Wallet,Success
ORD00250,Debit Card,Success
ORD00251,Net Banking,Success
ORD00252,UPI,Success
ORD00253,Net Banking,Success
ORD00254,Net Banking,Success
ORD00255,Debit Card,Success
ORD00256,UPI,Success
ORD00257,UPI,Success
ORD00258,UPI,Success
ORD00259,Wallet,Success
ORD00260,Wallet,Success
ORD00261,Net Banking,Failed
ORD00262,UPI,Success
ORD00263,Debit Card,Success
ORD00264,Credit Card,Success
ORD00265,Wallet,Success
ORD00266,UPI,Success
ORD00267,Debit Card,Success
ORD00268,Credit Card,Success
ORD00269,Net Banking,Success
ORD00270,Net Banking,Success
ORD00271,Credit Card,Success
ORD00272,Net Banking,Success
ORD00273,Debit Card,Success
ORD00274,Net Banking,Success
ORD00275,Wallet,Success
ORD00276,Credit Card,Success
ORD00277,Net Banking,Success
ORD00278,Wallet,Success
ORD00279,UPI,Success
ORD00280,UPI,Success
ORD00281,Debit Card,Success
ORD00282,Credit Card,Success
ORD00283,Net Banking,Success
ORD00284,Wallet,Failed
ORD00285,UPI,Success
ORD00286,Net Banking,Success
ORD00287,Credit Card,Success
ORD00288,Wallet,Success
ORD00289,Debit Card,Success
ORD00290,UPI,Success
ORD00291,UPI,Success
ORD00292,Net Banking,Success
ORD00293,Net Banking,Success
ORD00294,UPI,Success
ORD00295,Net Banking,Success
ORD00296,Credit Card,Success
ORD00297,Net Banking,Success
ORD00298,Net Banking,Success
ORD00299,Net Banking,Success
ORD00300,Debit Card,Success
ORD00301,Net Banking,Success
ORD00302,Wallet,Success
ORD00303,Net Banking,Success
ORD00304,Wallet,Success
ORD00305,Net Banking,Success
ORD00306,Debit Card,Success
ORD00307,Net Banking,Success
ORD00308,Debit Card,Success
ORD00309,UPI,Success
ORD00310,Credit Card,Success
ORD00311,Net Banking,Success
ORD00312,Credit Card,Success
ORD00313,Wallet,Success
ORD00314,Credit Card,Success
ORD00315,Net Banking,Success
ORD00316,Wallet,Success
ORD00317,Debit Card,Success
ORD00318,Credit Card,Success
ORD00319,UPI,Success
ORD00320,UPI,Failed
ORD00321,Debit Card,Success
ORD00322,Credit Card,Success
ORD00323,Wallet,Success
ORD00324,Net Banking,Success
ORD00325,Credit Card,Success
ORD00326,Debit Card,Success
ORD00327,Wallet,Success
ORD00328,Net Banking,Success
ORD00329,Net Banking,Success
ORD00330,Wallet,Success
ORD00331,Net Banking,Success
ORD00332,Wallet,Success
ORD00333,Debit Card,Success
ORD00334,Wallet,Success
ORD00335,UPI,Success
ORD00336,Wallet,Success
ORD00337,UPI,Success
ORD00338,Credit Card,Success
ORD00339,UPI,Success
ORD00340,Debit Card,Success
ORD00341,Net Banking,Success
ORD00342,Wallet,Success
ORD00343,Credit Card,Success
ORD00344,Net Banking,Success
ORD00345,Net Banking,Success
ORD00346,Wallet,Success
ORD00347,Credit Card,Success
ORD00348,Wallet,Success
ORD00349,Debit Card,Success
ORD00350,Wallet,Success
ORD00351,Credit Card,Success
ORD00352,Wallet,Success
ORD00353,Debit Card,Success
ORD00354,Net Banking,Success
ORD00355,Debit Card,Success
ORD00356,Net Banking,Success
ORD00357,Net Banking,Success
ORD00358,Credit Card,Success
ORD00359,Wallet,Success
ORD00360,Wallet,Success
ORD00361,Credit Card,Success
ORD00362,Net Banking,Success
ORD00363,Debit Card,Success
ORD00364,Credit Card,Success
ORD00365,Net Banking,Success
ORD00366,UPI,Success
ORD00367,Wallet,Success
ORD00368,Wallet,Success
ORD00369,UPI,Success
ORD00370,Credit Card,Success
ORD00371,Debit Card,Success
ORD00372,UPI,Success
ORD00373,Net Banking,Success
ORD00374,Wallet,Success
ORD00375,Debit Card,Success
ORD00376,Credit Card,Success
ORD00377,Net Banking,Success
ORD00378,Credit Card,Success
ORD00379,Net Banking,Success
ORD00380,UPI,Success
ORD00381,UPI,Failed
ORD00382,Wallet,Success
ORD00383,Credit Card,Success
ORD00384,UPI,Success
ORD00385,UPI,Success
ORD00386,Credit Card,Success
ORD00387,UPI,Success
ORD00388,Net Banking,Success
ORD00389,UPI,Failed
ORD00390,Debit Card,Success
ORD00391,Credit Card,Failed
ORD00392,Wallet,Success
ORD00393,Debit Card,Success
ORD00394,Debit Card,Success
ORD00395,Debit Card,Success
ORD00396,UPI,Success
ORD00397,Debit Card,Success
ORD00398,Debit Card,Success
ORD00399,Credit Card,Success
ORD00400,Net Banking,Success
ORD00401,Debit Card,Failed
ORD00402,Wallet,Success
ORD00403,Wallet,Success
ORD00404,UPI,Success
ORD00405,Wallet,Success
ORD00406,UPI,Success
ORD00407,Debit Card,Success
ORD00408,UPI,Success
ORD00409,Wallet,Success
ORD00410,Credit Card,Success
ORD00411,Wallet,Success
ORD00412,Debit Card,Failed
ORD00413,Wallet,Success
ORD00414,Net Banking,Success
ORD00415,Net Banking,Success
ORD00416,Credit Card,Success
ORD00417,Wallet,Success
ORD00418,Net Banking,Success
ORD00419,Credit Card,Success
ORD00420,Debit Card,Success
ORD00421,UPI,Success
ORD00422,Net Banking,Success
ORD00423,Wallet,Success
ORD00424,Credit Card,Success
ORD00425,UPI,Success
ORD00426,UPI,Success
ORD00427,Credit Card,Success
ORD00428,Net Banking,Success
ORD00429,Credit Card,Success
ORD00430,UPI,Success
ORD00431,Debit Card,Success
ORD00432,Credit Card,Success
ORD00433,Wallet,Success
ORD00434,UPI,Failed
ORD00435,Wallet,Success
ORD00436,Debit Card,Success
ORD00437,Credit Card,Success
ORD00438,Credit Card,Success
ORD00439,Debit Card,Success
ORD00440,Wallet,Success
ORD00441,Wallet,Success
ORD00442,UPI,Success
ORD00443,Credit Card,Failed
ORD00444,Debit Card,Success
ORD00445,Net Banking,Success
ORD00446,UPI,Success
ORD00447,Net Banking,Success
ORD00448,UPI,Failed
ORD00449,UPI,Success
ORD00450,Debit Card,Success
ORD00451,Credit Card,Success
ORD00452,UPI,Success
ORD00453,Debit Card,Success
ORD00454,Debit Card,Success
ORD00455,Net Banking,Success
ORD00456,Net Banking,Success
ORD00457,UPI,Success
ORD00458,Debit Card,Success
ORD00459,UPI,Success
ORD00460,Wallet,Success
ORD00461,Net Banking,Success
ORD00462,Debit Card,Success
ORD00463,Net Banking,Success
ORD00464,Net Banking,Success
ORD00465,Credit Card,Success
ORD00466,Credit Card,Success
ORD00467,Wallet,Success
ORD00468,Wallet,Success
ORD00469,Wallet,Success
ORD00470,Wallet,Success
ORD00471,UPI,Success
ORD00472,Debit Card,Success
ORD00473,Credit Card,Success
ORD00474,Wallet,Success
ORD00475,Wallet,Success
ORD00476,Credit Card,Failed
ORD00477,Wallet,Success
ORD00478,Debit Card,Success
ORD00479,Debit Card,Success
ORD00480,Net Banking,Success
ORD00481,Debit Card,Success
ORD00482,Wallet,Success
ORD00483,Credit Card,Success
ORD00484,Wallet,Success
ORD00485,Wallet,Success
ORD00486,Wallet,Success
ORD00487,Net Banking,Success
ORD00488,Wallet,Success
ORD00489,Credit Card,Success
ORD00490,Credit Card,Success
ORD00491,Debit Card,Success
ORD00492,Credit Card,Success
ORD00493,Debit Card,Success
ORD00494,Net Banking,Success
ORD00495,UPI,Success
ORD00496,Credit Card,Success
ORD00497,Credit Card,Success
ORD00498,Debit Card,Success
ORD00499,Wallet,Success
ORD00500,UPI,Success
ORD00501,Debit Card,Success
ORD00502,UPI,Success
ORD00503,Wallet,Success
ORD00504,UPI,Success
ORD00505,UPI,Success
ORD00506,Wallet,Success
ORD00507,Wallet,Success
ORD00508,Debit Card,Success
ORD00509,UPI,Success
ORD00510,Net Banking,Success
ORD00511,UPI,Success
ORD00512,Wallet,Success
ORD00513,Net Banking,Success
ORD00514,Credit Card,Success
ORD00515,Credit Card,Success
ORD00516,Debit Card,Success
ORD00517,UPI,Success
ORD00518,Net Banking,Success
ORD00519,Credit Card,Failed
ORD00520,Debit Card,Success
ORD00521,Debit Card,Success
ORD00522,Wallet,Success
ORD00523,UPI,Success
ORD00524,Wallet,Success
ORD00525,Credit Card,Success
ORD00526,UPI,Success
ORD00527,Wallet,Success
ORD00528,Net Banking,Success
ORD00529,Credit Card,Success
ORD00530,Credit Card,Success
ORD00531,Debit Card,Success
ORD00532,Credit Card,Success
ORD00533,Wallet,Success
ORD00534,Credit Card,Success
ORD00535,Debit Card,Success
ORD00536,Credit Card,Success
ORD00537,Debit Card,Success
ORD00538,Credit Card,Success
ORD00539,Credit Card,Success
ORD00540,Debit Card,Success
ORD00541,Debit Card,Success
ORD00542,Credit Card,Success
ORD00543,Net Banking,Success
ORD00544,UPI,Success
ORD00545,Credit Card,Success
ORD00546,Credit Card,Success
ORD00547,UPI,Success
ORD00548,UPI,Success
ORD00549,Credit Card,Failed
ORD00550,UPI,Success
ORD00551,Net Banking,Success
ORD00552,Wallet,Failed
ORD00553,UPI,Success
ORD00554,Debit Card,Success
ORD00555,Net Banking,Success
ORD00556,Debit Card,Success
ORD00557,Net Banking,Success
ORD00558,UPI,Success
ORD00559,Debit Card,Success
ORD00560,Wallet,Success
ORD00561,Wallet,Success
ORD00562,Debit Card,Success
ORD00563,Net Banking,Success
ORD00564,UPI,Success
ORD00565,Net Banking,Success
ORD00566,Net Banking,Failed
ORD00567,UPI,Success
ORD00568,Wallet,Success
ORD00569,UPI,Success
ORD00570,Net Banking,Success
ORD00571,Debit Card,Success
ORD00572,UPI,Success
ORD00573,Credit Card,Success
ORD00574,UPI,Success
ORD00575,Credit Card,Failed
ORD00576,UPI,Success
ORD00577,Credit Card,Success
ORD00578,Net Banking,Success
ORD00579,Credit Card,Success
ORD00580,Net Banking,Success
ORD00581,Net Banking,Success
ORD00582,Wallet,Success
ORD00583,Net Banking,Success
ORD00584,Wallet,Success
ORD00585,Wallet,Success
ORD00586,Wallet,Success
ORD00587,Debit Card,Success
ORD00588,Credit Card,Success
ORD00589,UPI,Success
ORD00590,UPI,Success
ORD00591,Net Banking,Success
ORD00592,Net Banking,Success
ORD00593,Wallet,Success
ORD00594,Wallet,Success
ORD00595,Net Banking,Failed
ORD00596,Net Banking,Success
ORD00597,Net Banking,Success
ORD00598,UPI,Success
ORD00599,Net Banking,Success
ORD00600,Debit Card,Success
ORD00601,UPI,Failed
ORD00602,Debit Card,Success
ORD00603,Credit Card,Success
ORD00604,Net Banking,Success
ORD00605,Net Banking,Success
ORD00606,Debit Card,Success
ORD00607,UPI,Success
ORD00608,Wallet,Success
ORD00609,Debit Card,Success
ORD00610,UPI,Success
ORD00611,Debit Card,Success
ORD00612,UPI,Success
ORD00613,UPI,Success
ORD00614,Net Banking,Success
ORD00615,Net Banking,Success
ORD00616,Wallet,Success
ORD00617,Debit Card,Success
ORD00618,Wallet,Success
ORD00619,Debit Card,Success
ORD00620,Wallet,Success
ORD00621,UPI,Success
ORD00622,Debit Card,Success
ORD00623,Debit Card,Success
ORD00624,Wallet,Success
ORD00625,Net Banking,Success
ORD00626,Net Banking,Success
ORD00627,Net Banking,Success
ORD00628,Credit Card,Success
ORD00629,UPI,Success
ORD00630,Wallet,Success
ORD00631,Wallet,Success
ORD00632,UPI,Success
ORD00633,Credit Card,Success
ORD00634,Credit Card,Success
ORD00635,Credit Card,Success
ORD00636,Credit Card,Success
ORD00637,Debit Card,Success
ORD00638,Wallet,Success
ORD00639,UPI,Success
ORD00640,UPI,Success
ORD00641,UPI,Success
ORD00642,Credit Card,Failed
ORD00643,UPI,Success
ORD00644,Wallet,Success
ORD00645,Debit Card,Success
ORD00646,UPI,Success
ORD00647,UPI,Success
ORD00648,Wallet,Success
ORD00649,Debit Card,Success
ORD00650,Credit Card,Success
ORD00651,Wallet,Success
ORD00652,Net Banking,Success
ORD00653,Credit Card,Success
ORD00654,Net Banking,Success
ORD00655,Debit Card,Success
ORD00656,Net Banking,Success
ORD00657,Wallet,Success
ORD00658,UPI,Success
ORD00659,Credit Card,Success
ORD00660,Wallet,Success
ORD00661,Debit Card,Success
ORD00662,UPI,Success
ORD00663,Net Banking,Success
ORD00664,Wallet,Success
ORD00665,Wallet,Success
ORD00666,UPI,Success
ORD00667,UPI,Success
ORD00668,UPI,Success
ORD00669,Debit Card,Success
ORD00670,Debit Card,Success
ORD00671,Net Banking,Success
ORD00672,Net Banking,Success
ORD00673,Debit Card,Success
ORD00674,UPI,Success
ORD00675,Credit Card,Success
ORD00676,Net Banking,Success
ORD00677,Debit Card,Success
ORD00678,Credit Card,Success
ORD00679,Wallet,Failed
ORD00680,Net Banking,Success
ORD00681,Wallet,Success
ORD00682,Net Banking,Success
ORD00683,Debit Card,Success
ORD00684,Debit Card,Success
ORD00685,Debit Card,Success
ORD00686,Wallet,Success
ORD00687,Net Banking,Success
ORD00688,Wallet,Success
ORD00689,Wallet,Success
ORD00690,UPI,Success
ORD00691,Credit Card,Success
ORD00692,Credit Card,Success
ORD00693,Wallet,Success
ORD00694,Credit Card,Success
ORD00695,Debit Card,Success
ORD00696,Net Banking,Success
ORD00697,Wallet,Success
ORD00698,Wallet,Success
ORD00699,Credit Card,Success
ORD00700,Credit Card,Success
ORD00701,UPI,Success
ORD00702,Net Banking,Success
ORD00703,Net Banking,Success
ORD00704,UPI,Success
ORD00705,Debit Card,Success
ORD00706,Credit Card,Success
ORD00707,Debit Card,Success
ORD00708,UPI,Success
ORD00709,Net Banking,Success
ORD00710,Net Banking,Success
ORD00711,Credit Card,Success
ORD00712,Net Banking,Success
ORD00713,Credit Card,Success
ORD00714,Credit Card,Success
ORD00715,UPI,Success
ORD00716,UPI,Success
ORD00717,Debit Card,Success
ORD00718,UPI,Success
ORD00719,Credit Card,Success
ORD00720,Wallet,Success
ORD00721,Credit Card,Success
ORD00722,Credit Card,Success
ORD00723,Credit Card,Success
ORD00724,Credit Card,Failed
ORD00725,Debit Card,Success
ORD00726,Credit Card,Success
ORD00727,Net Banking,Success
ORD00728,Net Banking,Success
ORD00729,UPI,Success
ORD00730,UPI,Success
ORD00731,Net Banking,Success
ORD00732,Credit Card,Success
ORD00733,Net Banking,Success
ORD00734,Net Banking,Success
ORD00735,Credit Card,Success
ORD00736,Credit Card,Success
ORD00737,UPI,Success
ORD00738,Credit Card,Success
ORD00739,Credit Card,Success
ORD00740,Credit Card,Success
ORD00741,Net Banking,Success
ORD00742,UPI,Success
ORD00743,Net Banking,Success
ORD00744,Net Banking,Success
ORD00745,Wallet,Success
ORD00746,Net Banking,Success
ORD00747,Wallet,Success
ORD00748,Credit Card,Success
ORD00749,Net Banking,Success
ORD00750,Net Banking,Success
ORD00751,Credit Card,Success
ORD00752,UPI,Success
ORD00753,UPI,Success
ORD00754,Debit Card,Success
ORD00755,UPI,Success
ORD00756,Net Banking,Success
ORD00757,UPI,Success
ORD00758,Wallet,Success
ORD00759,Wallet,Success
ORD00760,Net Banking,Success
ORD00761,Credit Card,Success
ORD00762,Net Banking,Success
ORD00763,Debit Card,Success
ORD00764,Credit Card,Success
ORD00765,Debit Card,Success
ORD00766,Net Banking,Success
ORD00767,Net Banking,Success
ORD00768,Net Banking,Success
ORD00769,Credit Card,Success
ORD00770,Debit Card,Success
ORD00771,Credit Card,Success
ORD00772,Net Banking,Success
ORD00773,Wallet,Failed
ORD00774,Credit Card,Success
ORD00775,Debit Card,Success
ORD00776,Credit Card,Success
ORD00777,Wallet,Success
ORD00778,UPI,Success
ORD00779,Net Banking,Success
ORD00780,Debit Card,Success
ORD00781,Wallet,Success
ORD00782,Net Banking,Success
ORD00783,Wallet,Success
ORD00784,Credit Card,Success
ORD00785,Net Banking,Success
ORD00786,Net Banking,Success
ORD00787,Wallet,Success
ORD00788,Debit Card,Success
ORD00789,Net Banking,Success
ORD00790,UPI,Success
ORD00791,Credit Card,Success
ORD00792,Net Banking,Success
ORD00793,UPI,Success
ORD00794,Credit Card,Success
ORD00795,Credit Card,Success
ORD00796,Wallet,Success
ORD00797,Credit Card,Success
ORD00798,Debit Card,Success
ORD00799,UPI,Success
ORD00800,Debit Card,Success
ORD00801,Debit Card,Success
ORD00802,Debit Card,Success
ORD00803,Debit Card,Success
ORD00804,Wallet,Success
ORD00805,Debit Card,Success
ORD00806,Credit Card,Success
ORD00807,Wallet,Success
ORD00808,Wallet,Success
ORD00809,Net Banking,Success
ORD00810,Credit Card,Success
ORD00811,Wallet,Success
ORD00812,Wallet,Success
ORD00813,UPI,Success
ORD00814,Debit Card,Success
ORD00815,Credit Card,Success
ORD00816,Debit Card,Success
ORD00817,UPI,Success
ORD00818,Credit Card,Success
ORD00819,UPI,Success
ORD00820,Credit Card,Success
ORD00821,Net Banking,Success
ORD00822,Wallet,Success
ORD00823,UPI,Success
ORD00824,Wallet,Success
ORD00825,Credit Card,Success
ORD00826,Debit Card,Success
ORD00827,Credit Card,Success
ORD00828,Debit Card,Success
ORD00829,Net Banking,Success
ORD00830,Wallet,Success
ORD00831,Debit Card,Success
ORD00832,Debit Card,Success
ORD00833,Wallet,Success
ORD00834,Wallet,Success
ORD00835,Net Banking,Success
ORD00836,Net Banking,Success
ORD00837,Debit Card,Failed
ORD00838,Net Banking,Success
ORD00839,Debit Card,Success
ORD00840,Debit Card,Success
ORD00841,Credit Card,Success
ORD00842,Net Banking,Success
ORD00843,Wallet,Success
ORD00844,UPI,Success
ORD00845,UPI,Success
ORD00846,Wallet,Success
ORD00847,Net Banking,Success
ORD00848,Debit Card,Success
ORD00849,Wallet,Success
ORD00850,Debit Card,Success
ORD00851,Credit Card,Success
ORD00852,UPI,Success
ORD00853,Net Banking,Success
ORD00854,Wallet,Success
ORD00855,Debit Card,Success
ORD00856,UPI,Success
ORD00857,Credit Card,Success
ORD00858,Debit Card,Failed
ORD00859,UPI,Success
ORD00860,Credit Card,Success
ORD00861,Wallet,Success
ORD00862,Debit Card,Success
ORD00863,UPI,Success
ORD00864,Credit Card,Success
ORD00865,UPI,Success
ORD00866,Net Banking,Success
ORD00867,Net Banking,Success
ORD00868,UPI,Success
ORD00869,Credit Card,Success
ORD00870,Credit Card,Success
ORD00871,Wallet,Success
ORD00872,Net Banking,Success
ORD00873,UPI,Success
ORD00874,Credit Card,Success
ORD00875,Debit Card,Success
ORD00876,Net Banking,Success
ORD00877,Credit Card,Success
ORD00878,Credit Card,Success
ORD00879,UPI,Success
ORD00880,UPI,Success
ORD00881,UPI,Success
ORD00882,Wallet,Success
ORD00883,Net Banking,Success
ORD00884,UPI,Success
ORD00885,Credit Card,Success
ORD00886,Credit Card,Success
ORD00887,Net Banking,Success
ORD00888,Wallet,Success
ORD00889,Net Banking,Success
ORD00890,UPI,Success
ORD00891,Credit Card,Success
ORD00892,Credit Card,Success
ORD00893,UPI,Success
ORD00894,Debit Card,Success
ORD00895,UPI,Success
ORD00896,Debit Card,Success
ORD00897,Credit Card,Success
ORD00898,Credit Card,Success
ORD00899,Wallet,Success
ORD00900,Debit Card,Failed
ORD00901,UPI,Success
ORD00902,Debit Card,Success
ORD00903,Debit Card,Failed
ORD00904,Wallet,Success
ORD00905,Credit Card,Success
ORD00906,Net Banking,Success
ORD00907,Credit Card,Success
ORD00908,UPI,Success
ORD00909,Credit Card,Success
ORD00910,UPI,Success
ORD00911,UPI,Success
ORD00912,Debit Card,Success
ORD00913,UPI,Success
ORD00914,UPI,Success
ORD00915,Debit Card,Success
ORD00916,Credit Card,Success
ORD00917,Credit Card,Success
ORD00918,Credit Card,Success
ORD00919,Credit Card,Success
ORD00920,Net Banking,Success
ORD00921,Wallet,Success
ORD00922,Debit Card,Success
ORD00923,UPI,Success
ORD00924,Wallet,Success
ORD00925,Wallet,Success
ORD00926,UPI,Success
ORD00927,Debit Card,Success
ORD00928,UPI,Success
ORD00929,Debit Card,Success
ORD00930,Wallet,Success
ORD00931,Credit Card,Success
ORD00932,UPI,Success
ORD00933,UPI,Success
ORD00934,Wallet,Success
ORD00935,Net Banking,Success
ORD00936,UPI,Success
ORD00937,Credit Card,Success
ORD00938,Wallet,Success
ORD00939,UPI,Success
ORD00940,UPI,Success
ORD00941,Debit Card,Failed
ORD00942,Debit Card,Failed
ORD00943,UPI,Success
ORD00944,Net Banking,Success
ORD00945,Net Banking,Success
ORD00946,Credit Card,Failed
ORD00947,UPI,Success
ORD00948,Net Banking,Success
ORD00949,Credit Card,Success
ORD00950,Debit Card,Success
ORD00951,Credit Card,Success
ORD00952,Net Banking,Success
ORD00953,UPI,Success
ORD00954,UPI,Success
ORD00955,Wallet,Success
ORD00956,Credit Card,Success
ORD00957,Net Banking,Success
ORD00958,Net Banking,Success
ORD00959,Wallet,Success
ORD00960,Net Banking,Success
ORD00961,Debit Card,Success
ORD00962,Credit Card,Success
ORD00963,Debit Card,Success
ORD00964,Wallet,Success
ORD00965,Credit Card,Success
ORD00966,Net Banking,Success
ORD00967,Credit Card,Success
ORD00968,Net Banking,Success
ORD00969,UPI,Success
ORD00970,Wallet,Success
ORD00971,Debit Card,Success
ORD00972,Wallet,Success
ORD00973,Wallet,Success
ORD00974,Wallet,Success
ORD00975,Debit Card,Success
ORD00976,Net Banking,Success
ORD00977,Wallet,Success
ORD00978,Net Banking,Success
ORD00979,Net Banking,Success
ORD00980,Credit Card,Success
ORD00981,UPI,Success
ORD00982,Net Banking,Success
ORD00983,Wallet,Failed
ORD00984,Debit Card,Success
ORD00985,UPI,Success
ORD00986,Debit Card,Success
ORD00987,UPI,Success
ORD00988,Debit Card,Success
ORD00989,Credit Card,Success
ORD00990,Debit Card,Success
ORD00991,Debit Card,Success
ORD00992,Credit Card,Success
ORD00993,UPI,Failed
ORD00994,Debit Card,Failed
ORD00995,Debit Card,Success
ORD00996,Credit Card,Success
ORD00997,Debit Card,Success
ORD00998,Credit Card,Success
ORD00999,Net Banking,Failed
ORD01000,Wallet,Success
ORD01001,Net Banking,Success
ORD01002,UPI,Success
ORD01003,UPI,Success
ORD01004,Wallet,Success
ORD01005,Wallet,Success
ORD01006,UPI,Success
ORD01007,Credit Card,Success
ORD01008,Net Banking,Success
ORD01009,Wallet,Success
ORD01010,Credit Card,Success
ORD01011,UPI,Success
ORD01012,Wallet,Success
ORD01013,Net Banking,Success
ORD01014,Credit Card,Success
ORD01015,UPI,Success
ORD01016,UPI,Success
ORD01017,Wallet,Success
ORD01018,UPI,Success
ORD01019,Credit Card,Success
ORD01020,Credit Card,Success
ORD01021,Credit Card,Success
ORD01022,Credit Card,Success
ORD01023,Net Banking,Success
ORD01024,Credit Card,Success
ORD01025,Wallet,Success
ORD01026,Net Banking,Success
ORD01027,Credit Card,Success
ORD01028,Wallet,Success
ORD01029,Wallet,Success
ORD01030,Wallet,Success
ORD01031,Net Banking,Success
ORD01032,Debit Card,Success
ORD01033,Net Banking,Success
ORD01034,Net Banking,Failed
ORD01035,UPI,Success
ORD01036,UPI,Success
ORD01037,Wallet,Success
ORD01038,Net Banking,Success
ORD01039,UPI,Success
ORD01040,Credit Card,Success
ORD01041,Credit Card,Success
ORD01042,Wallet,Success
ORD01043,Wallet,Success
ORD01044,Net Banking,Success
ORD01045,UPI,Success
ORD01046,Net Banking,Failed
ORD01047,Wallet,Success
ORD01048,Wallet,Failed
ORD01049,UPI,Failed
ORD01050,Wallet,Success
ORD01051,Wallet,Success
ORD01052,Wallet,Success
ORD01053,Wallet,Success
ORD01054,Wallet,Success
ORD01055,Debit Card,Success
ORD01056,Credit Card,Success
ORD01057,Net Banking,Success
ORD01058,UPI,Success
ORD01059,Wallet,Success
ORD01060,Debit Card,Success
ORD01061,UPI,Success
ORD01062,Wallet,Success
ORD01063,UPI,Success
ORD01064,UPI,Success
ORD01065,UPI,Success
ORD01066,UPI,Failed
ORD01067,Credit Card,Success
ORD01068,Credit Card,Success
ORD01069,Wallet,Success
ORD01070,Debit Card,Success
ORD01071,Credit Card,Success
ORD01072,UPI,Success
ORD01073,UPI,Success
ORD01074,Credit Card,Success
ORD01075,Wallet,Success
ORD01076,Wallet,Success
ORD01077,Debit Card,Success
ORD01078,Credit Card,Failed
ORD01079,UPI,Success
ORD01080,Credit Card,Success
ORD01081,Net Banking,Success
ORD01082,Credit Card,Failed
ORD01083,Credit Card,Success
ORD01084,Wallet,Success
ORD01085,Net Banking,Success
ORD01086,UPI,Success
ORD01087,Net Banking,Success
ORD01088,UPI,Success
ORD01089,UPI,Success
ORD01090,Wallet,Success
ORD01091,Credit Card,Success
ORD01092,Net Banking,Success
ORD01093,Debit Card,Success
ORD01094,Wallet,Success
ORD01095,Net Banking,Success
ORD01096,Wallet,Success
ORD01097,Net Banking,Success
ORD01098,Credit Card,Success
ORD01099,Credit Card,Success
ORD01100,Debit Card,Success
ORD01101,Net Banking,Success
ORD01102,Debit Card,Success
ORD01103,Net Banking,Success
ORD01104,Net Banking,Success
ORD01105,UPI,Success
ORD01106,Debit Card,Success
ORD01107,Credit Card,Success
ORD01108,Wallet,Success
ORD01109,Net Banking,Success
ORD01110,Credit Card,Success
ORD01111,Debit Card,Success
ORD01112,Wallet,Success
ORD01113,Net Banking,Success
ORD01114,UPI,Success
ORD01115,Debit Card,Success
ORD01116,Debit Card,Success
ORD01117,Credit Card,Success
ORD01118,Wallet,Success
ORD01119,UPI,Success
ORD01120,Wallet,Success
ORD01121,Net Banking,Success
ORD01122,Net Banking,Success
ORD01123,Credit Card,Success
ORD01124,Net Banking,Success
ORD01125,Wallet,Failed
ORD01126,Wallet,Success
ORD01127,Net Banking,Success
ORD01128,Debit Card,Success
ORD01129,Net Banking,Success
ORD01130,Debit Card,Success
ORD01131,Debit Card,Success
ORD01132,Debit Card,Success
ORD01133,Net Banking,Success
ORD01134,Credit Card,Success
ORD01135,UPI,Success
ORD01136,Debit Card,Success
ORD01137,Credit Card,Success
ORD01138,Credit Card,Success
ORD01139,UPI,Success
ORD01140,Credit Card,Success
ORD01141,Credit Card,Success
ORD01142,Wallet,Success
ORD01143,Debit Card,Success
ORD01144,Net Banking,Success
ORD01145,Wallet,Success
ORD01146,UPI,Success
ORD01147,UPI,Success
ORD01148,Credit Card,Success
ORD01149,UPI,Success
ORD01150,UPI,Success
ORD01151,Net Banking,Success
ORD01152,Debit Card,Success
ORD01153,UPI,Success
ORD01154,UPI,Success
ORD01155,UPI,Success
ORD01156,Net Banking,Success
ORD01157,Wallet,Success
ORD01158,Credit Card,Success
ORD01159,Debit Card,Success
ORD01160,UPI,Success
ORD01161,Wallet,Success
ORD01162,Net Banking,Success
ORD01163,UPI,Success
ORD01164,UPI,Failed
ORD01165,UPI,Success
ORD01166,Net Banking,Success
ORD01167,Credit Card,Success
ORD01168,Debit Card,Success
ORD01169,Debit Card,Success
ORD01170,Wallet,Success
ORD01171,UPI,Success
ORD01172,Net Banking,Success
ORD01173,Net Banking,Success
ORD01174,Debit Card,Failed
ORD01175,Net Banking,Success
ORD01176,UPI,Success
ORD01177,Wallet,Success
ORD01178,Wallet,Success
ORD01179,Wallet,Success
ORD01180,Net Banking,Success
ORD01181,Credit Card,Success
ORD01182,Debit Card,Success
ORD01183,Net Banking,Success
ORD01184,Wallet,Success
ORD01185,Debit Card,Success
ORD01186,Wallet,Success
ORD01187,Credit Card,Success
ORD01188,Debit Card,Success
ORD01189,UPI,Success
ORD01190,Credit Card,Success
ORD01191,Debit Card,Success
ORD01192,Wallet,Success
ORD01193,Credit Card,Success
ORD01194,Credit Card,Success
ORD01195,Wallet,Success
ORD01196,Debit Card,Success
ORD01197,Debit Card,Success
ORD01198,Credit Card,Success
ORD01199,Credit Card,Failed
ORD01200,Credit Card,Success
ORD01201,Debit Card,Success
ORD01202,Credit Card,Success
ORD01203,Credit Card,Failed
ORD01204,Debit Card,Success
ORD01205,Credit Card,Success
ORD01206,UPI,Success
ORD01207,UPI,Success
ORD01208,Credit Card,Success
ORD01209,Net Banking,Failed
ORD01210,UPI,Success
ORD01211,Wallet,Success
ORD01212,Net Banking,Success
ORD01213,Net Banking,Success
ORD01214,Credit Card,Success
ORD01215,Debit Card,Success
ORD01216,UPI,Success
ORD01217,Net Banking,Success
ORD01218,Net Banking,Success
ORD01219,UPI,Success
ORD01220,Wallet,Success
ORD01221,Net Banking,Success
ORD01222,Wallet,Success
ORD01223,UPI,Success
ORD01224,UPI,Success
ORD01225,Credit Card,Success
ORD01226,Credit Card,Success
ORD01227,Debit Card,Success
ORD01228,UPI,Success
ORD01229,Wallet,Success
ORD01230,Net Banking,Success
ORD01231,Wallet,Success
ORD01232,Net Banking,Success
ORD01233,Wallet,Success
ORD01234,Net Banking,Success
ORD01235,Wallet,Success
ORD01236,UPI,Success
ORD01237,Net Banking,Success
ORD01238,UPI,Success
ORD01239,Wallet,Success
ORD01240,Debit Card,Success
ORD01241,Wallet,Success
ORD01242,Debit Card,Success
ORD01243,Net Banking,Success
ORD01244,UPI,Success
ORD01245,Wallet,Success
ORD01246,Debit Card,Failed
ORD01247,Debit Card,Success
ORD01248,Wallet,Success
ORD01249,Credit Card,Success
ORD01250,Debit Card,Success
ORD01251,Debit Card,Success
ORD01252,Debit Card,Success
ORD01253,Net Banking,Success
ORD01254,Credit Card,Success
ORD01255,Net Banking,Success
ORD01256,Net Banking,Success
ORD01257,Net Banking,Failed
ORD01258,Credit Card,Success
ORD01259,Net Banking,Success
ORD01260,UPI,Success
ORD01261,Debit Card,Success
ORD01262,Net Banking,Success
ORD01263,Debit Card,Success
ORD01264,Net Banking,Success
ORD01265,Debit Card,Success
ORD01266,Credit Card,Success
ORD01267,Credit Card,Success
ORD01268,Net Banking,Success
ORD01269,Credit Card,Success
ORD01270,Wallet,Success
ORD01271,UPI,Success
ORD01272,Net Banking,Failed
ORD01273,Wallet,Success
ORD01274,Debit Card,Success
ORD01275,Debit Card,Success
ORD01276,UPI,Failed
ORD01277,Net Banking,Success
ORD01278,Credit Card,Success
ORD01279,UPI,Success
ORD01280,Debit Card,Success
ORD01281,Debit Card,Success
ORD01282,Credit Card,Success
ORD01283,UPI,Success
ORD01284,Credit Card,Success
ORD01285,UPI,Failed
ORD01286,Net Banking,Failed
ORD01287,Debit Card,Success
ORD01288,Credit Card,Success
ORD01289,UPI,Success
ORD01290,UPI,Success
ORD01291,Credit Card,Success
ORD01292,Debit Card,Success
ORD01293,Debit Card,Success
ORD01294,Debit Card,Success
ORD01295,Wallet,Success
ORD01296,Net Banking,Success
ORD01297,Net Banking,Success
ORD01298,UPI,Success
ORD01299,UPI,Success
ORD01300,UPI,Success
ORD01301,Credit Card,Success
ORD01302,Net Banking,Success
ORD01303,Debit Card,Success
ORD01304,Credit Card,Success
ORD01305,Net Banking,Success
ORD01306,Debit Card,Success
ORD01307,UPI,Success
ORD01308,Debit Card,Success
ORD01309,Net Banking,Success
ORD01310,Debit Card,Success
ORD01311,Wallet,Success
ORD01312,UPI,Success
ORD01313,Net Banking,Success
ORD01314,Debit Card,Failed
ORD01315,Debit Card,Success
ORD01316,Debit Card,Success
ORD01317,Net Banking,Success
ORD01318,Wallet,Success
ORD01319,Credit Card,Success
ORD01320,Credit Card,Success
ORD01321,Wallet,Success
ORD01322,Debit Card,Success
ORD01323,Net Banking,Success
ORD01324,Wallet,Success
ORD01325,Net Banking,Success
ORD01326,Wallet,Success
ORD01327,Credit Card,Success
ORD01328,UPI,Success
ORD01329,Net Banking,Success
ORD01330,Credit Card,Success
ORD01331,Debit Card,Success
ORD01332,Debit Card,Success
ORD01333,Net Banking,Success
ORD01334,Debit Card,Success
ORD01335,Credit Card,Success
ORD01336,Net Banking,Success
ORD01337,Net Banking,Success
ORD01338,Credit Card,Success
ORD01339,Credit Card,Success
ORD01340,Credit Card,Success
ORD01341,Debit Card,Success
ORD01342,Wallet,Success
ORD01343,Net Banking,Success
ORD01344,UPI,Failed
ORD01345,Wallet,Success
ORD01346,Net Banking,Success
ORD01347,UPI,Success
ORD01348,UPI,Success
ORD01349,Net Banking,Failed
ORD01350,Net Banking,Success
ORD01351,Debit Card,Success
ORD01352,Credit Card,Success
ORD01353,Credit Card,Success
ORD01354,Net Banking,Success
ORD01355,Credit Card,Success
ORD01356,Debit Card,Success
ORD01357,Wallet,Success
ORD01358,UPI,Success
ORD01359,Wallet,Success
ORD01360,UPI,Success
ORD01361,UPI,Success
ORD01362,Debit Card,Success
ORD01363,Credit Card,Success
ORD01364,Net Banking,Success
ORD01365,Wallet,Success
ORD01366,Credit Card,Success
ORD01367,UPI,Success
ORD01368,UPI,Success
ORD01369,Debit Card,Failed
ORD01370,Net Banking,Failed
ORD01371,Wallet,Success
ORD01372,Credit Card,Success
ORD01373,Wallet,Success
ORD01374,Credit Card,Success
ORD01375,UPI,Success
ORD01376,Wallet,Success
ORD01377,UPI,Success
ORD01378,Net Banking,Success
ORD01379,Credit Card,Success
ORD01380,Wallet,Failed
ORD01381,UPI,Success
ORD01382,Wallet,Success
ORD01383,UPI,Success
ORD01384,Debit Card,Success
ORD01385,Credit Card,Success
ORD01386,Wallet,Success
ORD01387,Credit Card,Failed
ORD01388,Net Banking,Success
ORD01389,Wallet,Success
ORD01390,Credit Card,Success
ORD01391,UPI,Success
ORD01392,Debit Card,Success
ORD01393,Net Banking,Success
ORD01394,UPI,Success
ORD01395,Debit Card,Success
ORD01396,Debit Card,Success
ORD01397,UPI,Success
ORD01398,Debit Card,Failed
ORD01399,Net Banking,Success
ORD01400,Credit Card,Failed
ORD01401,UPI,Success
ORD01402,Wallet,Success
ORD01403,Net Banking,Success
ORD01404,Debit Card,Success
ORD01405,Debit Card,Success
ORD01406,UPI,Success
ORD01407,Debit Card,Success
ORD01408,Credit Card,Success
ORD01409,UPI,Success
ORD01410,Net Banking,Success
ORD01411,UPI,Success
ORD01412,Wallet,Success
ORD01413,Debit Card,Success
ORD01414,Net Banking,Success
ORD01415,Wallet,Success
ORD01416,Credit Card,Success
ORD01417,Net Banking,Success
ORD01418,UPI,Success
ORD01419,Debit Card,Success
ORD01420,Debit Card,Success
ORD01421,Net Banking,Success
ORD01422,Debit Card,Success
ORD01423,Credit Card,Success
ORD01424,Credit Card,Success
ORD01425,Wallet,Success
ORD01426,Credit Card,Success
ORD01427,Wallet,Success
ORD01428,Credit Card,Success
ORD01429,Net Banking,Success
ORD01430,UPI,Success
ORD01431,Net Banking,Success
ORD01432,Net Banking,Success
ORD01433,Net Banking,Success
ORD01434,Wallet,Failed
ORD01435,Net Banking,Success
ORD01436,Net Banking,Success
ORD01437,Wallet,Success
ORD01438,Credit Card,Success
ORD01439,UPI,Success
ORD01440,Net Banking,Success
ORD01441,Net Banking,Success
ORD01442,Debit Card,Success
ORD01443,Debit Card,Success
ORD01444,Net Banking,Success
ORD01445,Net Banking,Success
ORD01446,UPI,Success
ORD01447,Credit Card,Success
ORD01448,Wallet,Success
ORD01449,UPI,Failed
ORD01450,Debit Card,Success
ORD01451,Credit Card,Failed
ORD01452,Credit Card,Success
ORD01453,UPI,Success
ORD01454,Net Banking,Success
ORD01455,Net Banking,Success
ORD01456,Credit Card,Success
ORD01457,Wallet,Failed
ORD01458,Net Banking,Success
ORD01459,Debit Card,Success
ORD01460,Debit Card,Success
ORD01461,Credit Card,Success
ORD01462,Debit Card,Success
ORD01463,Net Banking,Success
ORD01464,Credit Card,Success
ORD01465,Net Banking,Failed
ORD01466,Net Banking,Success
ORD01467,Debit Card,Success
ORD01468,Net Banking,Success
ORD01469,UPI,Success
ORD01470,Credit Card,Success
ORD01471,Net Banking,Success
ORD01472,Debit Card,Success
ORD01473,Wallet,Success
ORD01474,Wallet,Success
ORD01475,Credit Card,Success
ORD01476,Wallet,Success
ORD01477,Wallet,Success
ORD01478,Net Banking,Success
ORD01479,Net Banking,Success
ORD01480,UPI,Success
ORD01481,Net Banking,Success
ORD01482,Debit Card,Success
ORD01483,UPI,Success
ORD01484,Debit Card,Success
ORD01485,Wallet,Failed
ORD01486,Wallet,Success
ORD01487,Debit Card,Success
ORD01488,Credit Card,Success
ORD01489,Debit Card,Success
ORD01490,Wallet,Success
ORD01491,Wallet,Success
ORD01492,Debit Card,Success
ORD01493,UPI,Success
ORD01494,Wallet,Success
ORD01495,Debit Card,Success
ORD01496,UPI,Success
ORD01497,Debit Card,Success
ORD01498,Credit Card,Success
ORD01499,Net Banking,Success
ORD01500,Debit Card,Success
ORD01501,Net Banking,Success
ORD01502,UPI,Success
ORD01503,Credit Card,Success
ORD01504,Net Banking,Success
ORD01505,Net Banking,Success
ORD01506,Wallet,Failed
ORD01507,Net Banking,Success
ORD01508,Debit Card,Success
ORD01509,UPI,Success
ORD01510,Credit Card,Success
ORD01511,UPI,Failed
ORD01512,UPI,Success
ORD01513,Net Banking,Success
ORD01514,Wallet,Success
ORD01515,Net Banking,Success
ORD01516,Wallet,Success
ORD01517,UPI,Success
ORD01518,UPI,Success
ORD01519,UPI,Success
ORD01520,UPI,Success
ORD01521,Credit Card,Success
ORD01522,Wallet,Success
ORD01523,Net Banking,Success
ORD01524,Credit Card,Success
ORD01525,Wallet,Success
ORD01526,Debit Card,Success
ORD01527,UPI,Success
ORD01528,Credit Card,Success
ORD01529,UPI,Success
ORD01530,Debit Card,Success
ORD01531,UPI,Success
ORD01532,Credit Card,Success
ORD01533,Debit Card,Success
ORD01534,Credit Card,Success
ORD01535,Credit Card,Success
ORD01536,Net Banking,Success
ORD01537,UPI,Failed
ORD01538,Net Banking,Success
ORD01539,Debit Card,Failed
ORD01540,Debit Card,Success
ORD01541,Debit Card,Success
ORD01542,Wallet,Success
ORD01543,Wallet,Success
ORD01544,Net Banking,Success
ORD01545,UPI,Success
ORD01546,Credit Card,Success
ORD01547,Debit Card,Success
ORD01548,UPI,Success
ORD01549,Credit Card,Failed
ORD01550,Wallet,Failed
ORD01551,Wallet,Success
ORD01552,Net Banking,Success
ORD01553,UPI,Failed
ORD01554,Debit Card,Success
ORD01555,Wallet,Success
ORD01556,Wallet,Success
ORD01557,UPI,Success
ORD01558,Wallet,Success
ORD01559,UPI,Success
ORD01560,UPI,Success
ORD01561,Credit Card,Success
ORD01562,UPI,Success
ORD01563,Wallet,Success
ORD01564,Credit Card,Success
ORD01565,Credit Card,Success
ORD01566,Wallet,Failed
ORD01567,Credit Card,Success
ORD01568,Debit Card,Success
ORD01569,Wallet,Success
ORD01570,Credit Card,Success
ORD01571,Net Banking,Success
ORD01572,Debit Card,Success
ORD01573,UPI,Success
ORD01574,Credit Card,Success
ORD01575,Wallet,Success
ORD01576,UPI,Success
ORD01577,Net Banking,Success
ORD01578,Net Banking,Success
ORD01579,UPI,Success
ORD01580,Wallet,Success
ORD01581,UPI,Success
ORD01582,Debit Card,Success
ORD01583,Credit Card,Success
ORD01584,Credit Card,Success
ORD01585,Debit Card,Success
ORD01586,Debit Card,Success
ORD01587,Net Banking,Success
ORD01588,Debit Card,Success
ORD01589,Wallet,Success
ORD01590,Debit Card,Success
ORD01591,UPI,Success
ORD01592,Wallet,Failed
ORD01593,Net Banking,Success
ORD01594,Net Banking,Success
ORD01595,Credit Card,Success
ORD01596,UPI,Success
ORD01597,Credit Card,Success
ORD01598,UPI,Success
ORD01599,UPI,Success
ORD01600,Net Banking,Success
ORD01601,Wallet,Success
ORD01602,Net Banking,Success
ORD01603,Credit Card,Success
ORD01604,Debit Card,Success
ORD01605,Wallet,Success
ORD01606,UPI,Success
ORD01607,Wallet,Success
ORD01608,Net Banking,Success
ORD01609,Credit Card,Success
ORD01610,Credit Card,Success
ORD01611,Net Banking,Success
ORD01612,Credit Card,Success
ORD01613,Wallet,Success
ORD01614,UPI,Success
ORD01615,Credit Card,Success
ORD01616,Debit Card,Success
ORD01617,Wallet,Success
ORD01618,Wallet,Success
ORD01619,Wallet,Failed
ORD01620,UPI,Success
ORD01621,UPI,Success
ORD01622,Credit Card,Success
ORD01623,Credit Card,Success
ORD01624,Net Banking,Success
ORD01625,UPI,Failed
ORD01626,Wallet,Success
ORD01627,Net Banking,Success
ORD01628,UPI,Success
ORD01629,Credit Card,Success
ORD01630,Credit Card,Success
ORD01631,Net Banking,Success
ORD01632,Wallet,Success
ORD01633,Debit Card,Success
ORD01634,Credit Card,Success
ORD01635,Credit Card,Success
ORD01636,Wallet,Success
ORD01637,Wallet,Success
ORD01638,Debit Card,Success
ORD01639,Debit Card,Success
ORD01640,Wallet,Success
ORD01641,UPI,Success
ORD01642,Credit Card,Success
ORD01643,Net Banking,Success
ORD01644,Wallet,Success
ORD01645,UPI,Success
ORD01646,Net Banking,Success
ORD01647,UPI,Failed
ORD01648,UPI,Success
ORD01649,Credit Card,Success
ORD01650,Net Banking,Success
ORD01651,Net Banking,Success
ORD01652,UPI,Success
ORD01653,UPI,Success
ORD01654,Debit Card,Success
ORD01655,Credit Card,Success
ORD01656,UPI,Success
ORD01657,UPI,Success
ORD01658,Net Banking,Success
ORD01659,Credit Card,Success
ORD01660,Net Banking,Success
ORD01661,Net Banking,Success
ORD01662,UPI,Success
ORD01663,UPI,Success
ORD01664,UPI,Success
ORD01665,UPI,Success
ORD01666,Net Banking,Success
ORD01667,Credit Card,Success
ORD01668,UPI,Success
ORD01669,Net Banking,Success
ORD01670,Net Banking,Success
ORD01671,Net Banking,Success
ORD01672,Credit Card,Success
ORD01673,Credit Card,Success
ORD01674,Wallet,Success
ORD01675,UPI,Success
ORD01676,Debit Card,Success
ORD01677,Wallet,Success
ORD01678,UPI,Success
ORD01679,Wallet,Success
ORD01680,Credit Card,Success
ORD01681,UPI,Success
ORD01682,Credit Card,Success
ORD01683,Wallet,Success
ORD01684,Credit Card,Success
ORD01685,Wallet,Success
ORD01686,Net Banking,Success
ORD01687,Debit Card,Success
ORD01688,Wallet,Success
ORD01689,Net Banking,Success
ORD01690,UPI,Success
ORD01691,Wallet,Success
ORD01692,Credit Card,Success
ORD01693,Credit Card,Success
ORD01694,Wallet,Success
ORD01695,UPI,Success
ORD01696,Credit Card,Success
ORD01697,Wallet,Success
ORD01698,Wallet,Success
ORD01699,Debit Card,Success
ORD01700,Credit Card,Success
ORD01701,Credit Card,Success
ORD01702,UPI,Success
ORD01703,Debit Card,Success
ORD01704,Debit Card,Success
ORD01705,Wallet,Success
ORD01706,UPI,Success
ORD01707,UPI,Success
ORD01708,Net Banking,Success
ORD01709,Net Banking,Success
ORD01710,Credit Card,Success
ORD01711,Debit Card,Success
ORD01712,Net Banking,Success
ORD01713,Net Banking,Success
ORD01714,Credit Card,Success
ORD01715,Net Banking,Failed
ORD01716,Wallet,Success
ORD01717,UPI,Success
ORD01718,Debit Card,Success
ORD01719,Net Banking,Success
ORD01720,UPI,Success
ORD01721,Wallet,Failed
ORD01722,UPI,Success
ORD01723,Credit Card,Success
ORD01724,Credit Card,Success
ORD01725,Wallet,Success
ORD01726,Debit Card,Success
ORD01727,UPI,Success
ORD01728,UPI,Success
ORD01729,Wallet,Success
ORD01730,Wallet,Success
ORD01731,Wallet,Success
ORD01732,Debit Card,Success
ORD01733,Net Banking,Success
ORD01734,Debit Card,Success
ORD01735,Credit Card,Success
ORD01736,Wallet,Success
ORD01737,Debit Card,Success
ORD01738,Debit Card,Success
ORD01739,UPI,Success
ORD01740,Wallet,Success
ORD01741,Debit Card,Success
ORD01742,Net Banking,Success
ORD01743,Credit Card,Success
ORD01744,Wallet,Success
ORD01745,Credit Card,Success
ORD01746,Wallet,Success
ORD01747,Debit Card,Success
ORD01748,Wallet,Failed
ORD01749,Net Banking,Success
ORD01750,Credit Card,Success
ORD01751,Net Banking,Success
ORD01752,Credit Card,Success
ORD01753,Debit Card,Failed
ORD01754,Wallet,Success
ORD01755,Wallet,Success
ORD01756,UPI,Success
ORD01757,Wallet,Success
ORD01758,UPI,Success
ORD01759,Debit Card,Success
ORD01760,Credit Card,Success
ORD01761,Wallet,Success
ORD01762,UPI,Success
ORD01763,Credit Card,Success
ORD01764,Credit Card,Success
ORD01765,UPI,Success
ORD01766,Debit Card,Success
ORD01767,Net Banking,Success
ORD01768,Net Banking,Success
ORD01769,Credit Card,Success
ORD01770,Credit Card,Success
ORD01771,UPI,Success
ORD01772,Wallet,Success
ORD01773,Wallet,Success
ORD01774,Credit Card,Success
ORD01775,Net Banking,Success
ORD01776,Net Banking,Success
ORD01777,Debit Card,Success
ORD01778,Credit Card,Success
ORD01779,UPI,Success
ORD01780,Debit Card,Success
ORD01781,Wallet,Success
ORD01782,Wallet,Success
ORD01783,Net Banking,Failed
ORD01784,Debit Card,Failed
ORD01785,UPI,Success
ORD01786,Credit Card,Success
ORD01787,Debit Card,Success
ORD01788,UPI,Success
ORD01789,Net Banking,Success
ORD01790,Wallet,Success
ORD01791,Credit Card,Success
ORD01792,UPI,Success
ORD01793,Wallet,Success
ORD01794,Net Banking,Success
ORD01795,Wallet,Success
ORD01796,Wallet,Success
ORD01797,Credit Card,Success
ORD01798,Wallet,Success
ORD01799,Credit Card,Success
ORD01800,Credit Card,Success
ORD01801,Credit Card,Success
ORD01802,Wallet,Success
ORD01803,Net Banking,Success
ORD01804,Debit Card,Success
ORD01805,Wallet,Success
ORD01806,Net Banking,Success
ORD01807,Credit Card,Success
ORD01808,UPI,Success
ORD01809,Credit Card,Success
ORD01810,Credit Card,Success
ORD01811,Credit Card,Success
ORD01812,UPI,Success
ORD01813,Debit Card,Success
ORD01814,Credit Card,Success
ORD01815,Wallet,Success
ORD01816,Debit Card,Success
ORD01817,Net Banking,Success
ORD01818,Wallet,Success
ORD01819,Credit Card,Success
ORD01820,UPI,Success
ORD01821,Net Banking,Success
ORD01822,UPI,Success
ORD01823,Debit Card,Success
ORD01824,Debit Card,Success
ORD01825,Wallet,Success
ORD01826,Credit Card,Success
ORD01827,UPI,Success
ORD01828,UPI,Success
ORD01829,UPI,Success
ORD01830,UPI,Failed
ORD01831,Wallet,Success
ORD01832,UPI,Success
ORD01833,Credit Card,Success
ORD01834,Debit Card,Success
ORD01835,Wallet,Failed
ORD01836,Net Banking,Success
ORD01837,UPI,Success
ORD01838,Net Banking,Success
ORD01839,Wallet,Success
ORD01840,Net Banking,Success
ORD01841,UPI,Success
ORD01842,Credit Card,Success
ORD01843,UPI,Success
ORD01844,Wallet,Success
ORD01845,Wallet,Success
ORD01846,Credit Card,Success
ORD01847,Wallet,Success
ORD01848,Net Banking,Success
ORD01849,Credit Card,Success
ORD01850,Debit Card,Success
ORD01851,Credit Card,Success
ORD01852,Debit Card,Success
ORD01853,UPI,Success
ORD01854,Net Banking,Success
ORD01855,Debit Card,Success
ORD01856,Credit Card,Success
ORD01857,UPI,Success
ORD01858,Debit Card,Success
ORD01859,Wallet,Success
ORD01860,Net Banking,Success
ORD01861,Net Banking,Success
ORD01862,UPI,Success
ORD01863,UPI,Success
ORD01864,Wallet,Success
ORD01865,Debit Card,Failed
ORD01866,Wallet,Success
ORD01867,Credit Card,Success
ORD01868,UPI,Success
ORD01869,UPI,Success
ORD01870,Debit Card,Success
ORD01871,UPI,Success
ORD01872,Credit Card,Success
ORD01873,UPI,Success
ORD01874,Credit Card,Success
ORD01875,UPI,Success
ORD01876,Wallet,Success
ORD01877,Wallet,Success
ORD01878,Wallet,Success
ORD01879,Wallet,Success
ORD01880,UPI,Failed
ORD01881,UPI,Success
ORD01882,Wallet,Success
ORD01883,Debit Card,Success
ORD01884,Debit Card,Success
ORD01885,Wallet,Success
ORD01886,Net Banking,Success
ORD01887,Net Banking,Success
ORD01888,Wallet,Success
ORD01889,UPI,Success
ORD01890,Credit Card,Success
ORD01891,Credit Card,Success
ORD01892,Debit Card,Success
ORD01893,UPI,Success
ORD01894,UPI,Success
ORD01895,Debit Card,Success
ORD01896,Credit Card,Success
ORD01897,Debit Card,Success
ORD01898,Net Banking,Success
ORD01899,Debit Card,Success
ORD01900,Debit Card,Success
ORD01901,Debit Card,Success
ORD01902,Debit Card,Success
ORD01903,Credit Card,Failed
ORD01904,Wallet,Success
ORD01905,UPI,Success
ORD01906,UPI,Success
ORD01907,Debit Card,Success
ORD01908,Net Banking,Success
ORD01909,Credit Card,Success
ORD01910,UPI,Success
ORD01911,Net Banking,Success
ORD01912,Net Banking,Success
ORD01913,Net Banking,Success
ORD01914,Net Banking,Success
ORD01915,Wallet,Success
ORD01916,Credit Card,Success
ORD01917,Credit Card,Success
ORD01918,Credit Card,Success
ORD01919,Net Banking,Success
ORD01920,Wallet,Success
ORD01921,Credit Card,Failed
ORD01922,Wallet,Success
ORD01923,Credit Card,Success
ORD01924,Debit Card,Success
ORD01925,Debit Card,Success
ORD01926,Wallet,Success
ORD01927,Net Banking,Success
ORD01928,Credit Card,Success
ORD01929,Net Banking,Success
ORD01930,Credit Card,Success
ORD01931,Credit Card,Success
ORD01932,Net Banking,Success
ORD01933,Debit Card,Success
ORD01934,Debit Card,Success
ORD01935,Wallet,Success
ORD01936,Wallet,Success
ORD01937,Net Banking,Success
ORD01938,Credit Card,Success
ORD01939,Credit Card,Success
ORD01940,Credit Card,Success
ORD01941,Credit Card,Success
ORD01942,Credit Card,Success
ORD01943,UPI,Success
ORD01944,Debit Card,Success
ORD01945,Net Banking,Success
ORD01946,UPI,Success
ORD01947,Wallet,Success
ORD01948,Credit Card,Success
ORD01949,Credit Card,Success
ORD01950,UPI,Success
ORD01951,Wallet,Success
ORD01952,Wallet,Failed
ORD01953,Credit Card,Success
ORD01954,Credit Card,Success
ORD01955,Debit Card,Success
ORD01956,Net Banking,Success
ORD01957,Credit Card,Success
ORD01958,Wallet,Success
ORD01959,Wallet,Success
ORD01960,Net Banking,Success
ORD01961,Net Banking,Success
ORD01962,Debit Card,Success
ORD01963,Net Banking,Success
ORD01964,Net Banking,Success
ORD01965,Credit Card,Success
ORD01966,Debit Card,Success
ORD01967,Wallet,Success
ORD01968,UPI,Success
ORD01969,Net Banking,Success
ORD01970,Net Banking,Success
ORD01971,Wallet,Success
ORD01972,UPI,Success
ORD01973,UPI,Success
ORD01974,Wallet,Success
ORD01975,Net Banking,Success
ORD01976,UPI,Success
ORD01977,Debit Card,Success
ORD01978,Credit Card,Success
ORD01979,Debit Card,Success
ORD01980,Net Banking,Success
ORD01981,Credit Card,Success
ORD01982,Credit Card,Success
ORD01983,Debit Card,Success
ORD01984,Wallet,Success
ORD01985,Net Banking,Success
ORD01986,Wallet,Success
ORD01987,Net Banking,Success
ORD01988,Credit Card,Success
ORD01989,Net Banking,Success
ORD01990,UPI,Success
ORD01991,Credit Card,Success
ORD01992,Debit Card,Failed
ORD01993,Wallet,Success
ORD01994,Wallet,Success
ORD01995,UPI,Success
ORD01996,UPI,Success
ORD01997,Net Banking,Success
ORD01998,Net Banking,Success
ORD01999,Credit Card,Success
ORD02000,UPI,Success
ORD02001,Net Banking,Success
ORD02002,Wallet,Success
ORD02003,Wallet,Success
ORD02004,Wallet,Success
ORD02005,Debit Card,Success
ORD02006,Net Banking,Success
ORD02007,Wallet,Success
ORD02008,Wallet,Success
ORD02009,Debit Card,Success
ORD02010,Net Banking,Success
ORD02011,Debit Card,Success
ORD02012,Debit Card,Success
ORD02013,UPI,Success
ORD02014,Credit Card,Failed
ORD02015,Debit Card,Success
ORD02016,Credit Card,Success
ORD02017,Credit Card,Success
ORD02018,Wallet,Failed
ORD02019,UPI,Success
ORD02020,UPI,Success
ORD02021,Net Banking,Success
ORD02022,Debit Card,Success
ORD02023,UPI,Success
ORD02024,Wallet,Success
ORD02025,Wallet,Success
ORD02026,Credit Card,Success
ORD02027,UPI,Success
ORD02028,Net Banking,Success
ORD02029,UPI,Success
ORD02030,Credit Card,Success
ORD02031,Net Banking,Success
ORD02032,Debit Card,Success
ORD02033,UPI,Success
ORD02034,Debit Card,Success
ORD02035,Net Banking,Success
ORD02036,Net Banking,Success
ORD02037,Wallet,Success
ORD02038,Net Banking,Success
ORD02039,UPI,Success
ORD02040,Debit Card,Success
ORD02041,UPI,Success
ORD02042,Wallet,Success
ORD02043,Debit Card,Success
ORD02044,Debit Card,Success
ORD02045,Credit Card,Success
ORD02046,UPI,Success
ORD02047,Debit Card,Success
ORD02048,Wallet,Success
ORD02049,Credit Card,Success
ORD02050,Debit Card,Success
ORD02051,Debit Card,Failed
ORD02052,Net Banking,Success
ORD02053,Wallet,Success
ORD02054,Credit Card,Success
ORD02055,Debit Card,Success
ORD02056,Debit Card,Success
ORD02057,Debit Card,Success
ORD02058,Wallet,Success
ORD02059,Credit Card,Success
ORD02060,Credit Card,Success
ORD02061,UPI,Success
ORD02062,Credit Card,Success
ORD02063,Credit Card,Failed
ORD02064,Credit Card,Success
ORD02065,Wallet,Success
ORD02066,Net Banking,Success
ORD02067,Credit Card,Success
ORD02068,Net Banking,Success
ORD02069,Debit Card,Success
ORD02070,Wallet,Failed
ORD02071,Credit Card,Success
ORD02072,Net Banking,Success
ORD02073,Credit Card,Success
ORD02074,Credit Card,Success
ORD02075,Wallet,Success
ORD02076,UPI,Success
ORD02077,Net Banking,Success
ORD02078,Debit Card,Success
ORD02079,Credit Card,Failed
ORD02080,Net Banking,Success
ORD02081,UPI,Success
ORD02082,Wallet,Success
ORD02083,UPI,Success
ORD02084,Debit Card,Success
ORD02085,Credit Card,Success
ORD02086,Wallet,Success
ORD02087,Credit Card,Success
ORD02088,Debit Card,Success
ORD02089,Debit Card,Success
ORD02090,Credit Card,Success
ORD02091,Wallet,Failed
ORD02092,Debit Card,Success
ORD02093,Net Banking,Success
ORD02094,Wallet,Success
ORD02095,Wallet,Success
ORD02096,UPI,Success
ORD02097,Net Banking,Success
ORD02098,Wallet,Success
ORD02099,UPI,Success
ORD02100,Wallet,Success
ORD02101,UPI,Success
ORD02102,Wallet,Success
ORD02103,Wallet,Failed
ORD02104,Credit Card,Success
ORD02105,UPI,Success
ORD02106,UPI,Success
ORD02107,UPI,Success
ORD02108,Credit Card,Success
ORD02109,Credit Card,Success
ORD02110,Wallet,Success
ORD02111,Debit Card,Failed
ORD02112,Net Banking,Success
ORD02113,Wallet,Success
ORD02114,Net Banking,Success
ORD02115,Wallet,Success
ORD02116,Credit Card,Success
ORD02117,Debit Card,Success
ORD02118,UPI,Success
ORD02119,Credit Card,Success
ORD02120,UPI,Success
ORD02121,UPI,Success
ORD02122,Credit Card,Success
ORD02123,UPI,Success
ORD02124,Credit Card,Success
ORD02125,UPI,Success
ORD02126,Credit Card,Success
ORD02127,Debit Card,Success
ORD02128,Credit Card,Success
ORD02129,Net Banking,Success
ORD02130,UPI,Success
ORD02131,Credit Card,Success
ORD02132,UPI,Success
ORD02133,Wallet,Success
ORD02134,Credit Card,Success
ORD02135,Net Banking,Success
ORD02136,Net Banking,Success
ORD02137,Credit Card,Success
ORD02138,Debit Card,Failed
ORD02139,Wallet,Success
ORD02140,Net Banking,Success
ORD02141,UPI,Success
ORD02142,Wallet,Success
ORD02143,Net Banking,Success
ORD02144,Net Banking,Success
ORD02145,UPI,Success
ORD02146,UPI,Success
ORD02147,Net Banking,Success
ORD02148,UPI,Success
ORD02149,Debit Card,Success
ORD02150,Debit Card,Success
ORD02151,UPI,Success
ORD02152,Credit Card,Success
ORD02153,UPI,Success
ORD02154,Debit Card,Success
ORD02155,Net Banking,Success
ORD02156,Net Banking,Success
ORD02157,UPI,Success
ORD02158,Net Banking,Success
ORD02159,Credit Card,Success
ORD02160,UPI,Success
ORD02161,Credit Card,Success
ORD02162,Credit Card,Success
ORD02163,Wallet,Success
ORD02164,Debit Card,Success
ORD02165,Debit Card,Success
ORD02166,UPI,Success
ORD02167,Wallet,Success
ORD02168,Net Banking,Success
ORD02169,Debit Card,Success
ORD02170,UPI,Success
ORD02171,Debit Card,Success
ORD02172,Wallet,Success
ORD02173,UPI,Success
ORD02174,UPI,Success
ORD02175,Wallet,Success
ORD02176,Wallet,Success
ORD02177,Debit Card,Success
ORD02178,Wallet,Success
ORD02179,Debit Card,Success
ORD02180,Credit Card,Failed
ORD02181,Credit Card,Success
ORD02182,UPI,Success
ORD02183,Credit Card,Success
ORD02184,Net Banking,Success
ORD02185,Credit Card,Success
ORD02186,Credit Card,Success
ORD02187,UPI,Success
ORD02188,Net Banking,Success
ORD02189,UPI,Success
ORD02190,Net Banking,Success
ORD02191,Wallet,Success
ORD02192,Debit Card,Success
ORD02193,Net Banking,Success
ORD02194,Credit Card,Success
ORD02195,Debit Card,Success
ORD02196,Debit Card,Success
ORD02197,UPI,Failed
ORD02198,Debit Card,Success
ORD02199,Debit Card,Success
ORD02200,Credit Card,Success
ORD02201,Net Banking,Success
ORD02202,UPI,Success
ORD02203,Credit Card,Success
ORD02204,UPI,Success
ORD02205,Wallet,Success
ORD02206,Debit Card,Success
ORD02207,Net Banking,Success
ORD02208,Credit Card,Success
ORD02209,Credit Card,Success
ORD02210,Credit Card,Success
ORD02211,Net Banking,Success
ORD02212,Credit Card,Success
ORD02213,Credit Card,Success
ORD02214,Debit Card,Success
ORD02215,Credit Card,Success
ORD02216,Wallet,Success
ORD02217,Net Banking,Success
ORD02218,Debit Card,Success
ORD02219,Credit Card,Success
ORD02220,Net Banking,Success
ORD02221,UPI,Success
ORD02222,Wallet,Success
ORD02223,Credit Card,Success
ORD02224,Wallet,Success
ORD02225,Debit Card,Success
ORD02226,Net Banking,Success
ORD02227,Credit Card,Success
ORD02228,Net Banking,Success
ORD02229,Credit Card,Success
ORD02230,Credit Card,Success
ORD02231,Debit Card,Success
ORD02232,Credit Card,Success
ORD02233,Debit Card,Success
ORD02234,Credit Card,Success
ORD02235,Net Banking,Success
ORD02236,Wallet,Success
ORD02237,Debit Card,Success
ORD02238,Net Banking,Success
ORD02239,Debit Card,Success
ORD02240,Wallet,Success
ORD02241,UPI,Success
ORD02242,Debit Card,Success
ORD02243,Wallet,Success
ORD02244,Credit Card,Success
ORD02245,UPI,Success
ORD02246,Credit Card,Success
ORD02247,Credit Card,Success
ORD02248,Credit Card,Success
ORD02249,Credit Card,Failed
ORD02250,UPI,Success
ORD02251,UPI,Success
ORD02252,Wallet,Success
ORD02253,Net Banking,Success
ORD02254,Net Banking,Success
ORD02255,UPI,Success
ORD02256,Debit Card,Success
ORD02257,Net Banking,Success
ORD02258,Wallet,Success
ORD02259,Credit Card,Success
ORD02260,Net Banking,Success
ORD02261,UPI,Success
ORD02262,Credit Card,Success
ORD02263,Net Banking,Success
ORD02264,Debit Card,Failed
ORD02265,Wallet,Success
ORD02266,Net Banking,Success
ORD02267,Wallet,Success
ORD02268,Credit Card,Success
ORD02269,Debit Card,Success
ORD02270,Credit Card,Success
ORD02271,UPI,Success
ORD02272,Wallet,Success
ORD02273,Debit Card,Success
ORD02274,Credit Card,Success
ORD02275,UPI,Success
ORD02276,UPI,Success
ORD02277,Debit Card,Success
ORD02278,UPI,Success
ORD02279,Debit Card,Success
ORD02280,Wallet,Success
ORD02281,Wallet,Success
ORD02282,Wallet,Success
ORD02283,UPI,Success
ORD02284,Net Banking,Failed
ORD02285,Wallet,Success
ORD02286,Debit Card,Success
ORD02287,Net Banking,Success
ORD02288,Wallet,Success
ORD02289,Credit Card,Success
ORD02290,UPI,Success
ORD02291,Debit Card,Success
ORD02292,Debit Card,Success
ORD02293,Debit Card,Success
ORD02294,Debit Card,Failed
ORD02295,Net Banking,Success
ORD02296,Debit Card,Success
ORD02297,Net Banking,Success
ORD02298,UPI,Success
ORD02299,UPI,Success
ORD02300,Wallet,Success
ORD02301,Net Banking,Success
ORD02302,Net Banking,Success
ORD02303,Credit Card,Success
ORD02304,Debit Card,Success
ORD02305,UPI,Success
ORD02306,Credit Card,Success
ORD02307,Net Banking,Success
ORD02308,Debit Card,Success
ORD02309,UPI,Success
ORD02310,Credit Card,Success
ORD02311,Credit Card,Success
ORD02312,Credit Card,Success
ORD02313,Wallet,Success
ORD02314,Credit Card,Success
ORD02315,Debit Card,Success
ORD02316,Credit Card,Success
ORD02317,Debit Card,Success
ORD02318,UPI,Success
ORD02319,Credit Card,Success
ORD02320,Wallet,Success
ORD02321,Debit Card,Success
ORD02322,Net Banking,Success
ORD02323,Net Banking,Success
ORD02324,Debit Card,Failed
ORD02325,Credit Card,Success
ORD02326,Net Banking,Success
ORD02327,Wallet,Success
ORD02328,Net Banking,Success
ORD02329,Wallet,Success
ORD02330,UPI,Success
ORD02331,UPI,Success
ORD02332,Wallet,Success
ORD02333,Wallet,Success
ORD02334,Net Banking,Success
ORD02335,Net Banking,Success
ORD02336,Wallet,Success
ORD02337,Credit Card,Success
ORD02338,Debit Card,Success
ORD02339,Debit Card,Success
ORD02340,Wallet,Success
ORD02341,Credit Card,Success
ORD02342,Net Banking,Success
ORD02343,Net Banking,Success
ORD02344,Debit Card,Success
ORD02345,Debit Card,Success
ORD02346,Debit Card,Success
ORD02347,Debit Card,Success
ORD02348,Credit Card,Success
ORD02349,Wallet,Success
ORD02350,Wallet,Success
ORD02351,Wallet,Failed
ORD02352,Wallet,Success
ORD02353,Credit Card,Success
ORD02354,Debit Card,Success
ORD02355,Credit Card,Success
ORD02356,UPI,Success
ORD02357,Debit Card,Success
ORD02358,Debit Card,Success
ORD02359,Debit Card,Success
ORD02360,Wallet,Success
ORD02361,Wallet,Success
ORD02362,Debit Card,Success
ORD02363,Credit Card,Success
ORD02364,Wallet,Success
ORD02365,Wallet,Success
ORD02366,UPI,Success
ORD02367,UPI,Success
ORD02368,Debit Card,Success
ORD02369,Net Banking,Success
ORD02370,Debit Card,Success
ORD02371,UPI,Success
ORD02372,Net Banking,Success
ORD02373,Wallet,Success
ORD02374,UPI,Failed
ORD02375,Debit Card,Success
ORD02376,Debit Card,Success
ORD02377,UPI,Success
ORD02378,UPI,Success
ORD02379,Wallet,Success
ORD02380,Net Banking,Success
ORD02381,Debit Card,Success
ORD02382,Net Banking,Success
ORD02383,Wallet,Success
ORD02384,Net Banking,Success
ORD02385,Wallet,Failed
ORD02386,Debit Card,Success
ORD02387,Debit Card,Success
ORD02388,Debit Card,Success
ORD02389,UPI,Success
ORD02390,Wallet,Success
ORD02391,Debit Card,Success
ORD02392,Wallet,Success
ORD02393,UPI,Success
ORD02394,UPI,Success
ORD02395,Wallet,Success
ORD02396,Credit Card,Success
ORD02397,Debit Card,Success
ORD02398,Debit Card,Success
ORD02399,Credit Card,Success
ORD02400,Debit Card,Success
ORD02401,Debit Card,Success
ORD02402,UPI,Success
ORD02403,Wallet,Success
ORD02404,UPI,Success
ORD02405,Wallet,Success
ORD02406,Wallet,Success
ORD02407,Wallet,Success
ORD02408,Debit Card,Success
ORD02409,Credit Card,Success
ORD02410,Debit Card,Success
ORD02411,Net Banking,Success
ORD02412,UPI,Success
ORD02413,Debit Card,Success
ORD02414,Wallet,Success
ORD02415,UPI,Success
ORD02416,Debit Card,Success
ORD02417,Wallet,Success
ORD02418,Credit Card,Success
ORD02419,Wallet,Success
ORD02420,Debit Card,Success
ORD02421,UPI,Success
ORD02422,Wallet,Success
ORD02423,Credit Card,Success
ORD02424,Debit Card,Success
ORD02425,Net Banking,Success
ORD02426,Wallet,Success
ORD02427,Debit Card,Success
ORD02428,Debit Card,Success
ORD02429,Wallet,Success
ORD02430,Debit Card,Success
ORD02431,Wallet,Success
ORD02432,Wallet,Success
ORD02433,Net Banking,Success
ORD02434,UPI,Success
ORD02435,Debit Card,Success
ORD02436,Wallet,Success
ORD02437,Wallet,Success
ORD02438,Wallet,Success
ORD02439,Debit Card,Success
ORD02440,Debit Card,Failed
ORD02441,Debit Card,Success
ORD02442,Net Banking,Success
ORD02443,Credit Card,Success
ORD02444,UPI,Success
ORD02445,Debit Card,Success
ORD02446,Net Banking,Success
ORD02447,Debit Card,Success
ORD02448,Wallet,Success
ORD02449,Net Banking,Success
ORD02450,Credit Card,Success
ORD02451,UPI,Success
ORD02452,Net Banking,Success
ORD02453,Credit Card,Success
ORD02454,Wallet,Success
ORD02455,Wallet,Success
ORD02456,Wallet,Success
ORD02457,Credit Card,Success
ORD02458,Credit Card,Success
ORD02459,Debit Card,Success
ORD02460,UPI,Success
ORD02461,Credit Card,Success
ORD02462,Wallet,Failed
ORD02463,Debit Card,Success
ORD02464,Credit Card,Success
ORD02465,Debit Card,Success
ORD02466,Wallet,Success
ORD02467,Debit Card,Success
ORD02468,Wallet,Success
ORD02469,UPI,Success
ORD02470,Wallet,Success
ORD02471,Net Banking,Success
ORD02472,Debit Card,Success
ORD02473,Wallet,Success
ORD02474,Net Banking,Success
ORD02475,Net Banking,Success
ORD02476,Credit Card,Success
ORD02477,UPI,Success
ORD02478,Net Banking,Failed
ORD02479,Credit Card,Success
ORD02480,Net Banking,Success
ORD02481,Wallet,Success
ORD02482,Credit Card,Success
ORD02483,UPI,Success
ORD02484,Net Banking,Success
ORD02485,Wallet,Success
ORD02486,Wallet,Success
ORD02487,Debit Card,Success
ORD02488,UPI,Success
ORD02489,UPI,Success
ORD02490,UPI,Success
ORD02491,UPI,Success
ORD02492,Debit Card,Success
ORD02493,Credit Card,Success
ORD02494,UPI,Success
ORD02495,Credit Card,Success
ORD02496,Wallet,Success
ORD02497,Net Banking,Success
ORD02498,Credit Card,Success
ORD02499,Net Banking,Success
ORD02500,Net Banking,Success
ORD02501,Wallet,Success
ORD02502,Wallet,Success
ORD02503,Wallet,Success
ORD02504,Credit Card,Failed
ORD02505,Wallet,Success
ORD02506,Debit Card,Success
ORD02507,Net Banking,Success
ORD02508,Net Banking,Success
ORD02509,Credit Card,Success
ORD02510,Credit Card,Success
ORD02511,Credit Card,Success
ORD02512,Wallet,Success
ORD02513,Credit Card,Success
ORD02514,Credit Card,Success
ORD02515,Debit Card,Success
ORD02516,Debit Card,Success
ORD02517,Net Banking,Success
ORD02518,Wallet,Success
ORD02519,Credit Card,Success
ORD02520,Credit Card,Success
ORD02521,Debit Card,Success
ORD02522,Wallet,Success
ORD02523,Net Banking,Failed
ORD02524,Credit Card,Success
ORD02525,Wallet,Success
ORD02526,Net Banking,Success
ORD02527,UPI,Success
ORD02528,Net Banking,Success
ORD02529,Credit Card,Success
ORD02530,Wallet,Success
ORD02531,Wallet,Success
ORD02532,Credit Card,Success
ORD02533,Credit Card,Success
ORD02534,Net Banking,Success
ORD02535,Debit Card,Success
ORD02536,Credit Card,Success
ORD02537,Net Banking,Success
ORD02538,Credit Card,Success
ORD02539,Net Banking,Success
ORD02540,Net Banking,Success
ORD02541,Credit Card,Success
ORD02542,Net Banking,Success
ORD02543,Wallet,Success
ORD02544,Net Banking,Success
ORD02545,Debit Card,Success
ORD02546,Net Banking,Success
ORD02547,Wallet,Success
ORD02548,Debit Card,Success
ORD02549,Wallet,Success
ORD02550,Net Banking,Success
ORD02551,Debit Card,Success
ORD02552,Debit Card,Success
ORD02553,Credit Card,Success
ORD02554,Net Banking,Success
ORD02555,Net Banking,Success
ORD02556,UPI,Success
ORD02557,Net Banking,Success
ORD02558,Credit Card,Success
ORD02559,UPI,Success
ORD02560,Net Banking,Success
ORD02561,Credit Card,Success
ORD02562,Debit Card,Success
ORD02563,UPI,Success
ORD02564,Net Banking,Success
ORD02565,Wallet,Success
ORD02566,Wallet,Success
ORD02567,Net Banking,Success
ORD02568,Debit Card,Success
ORD02569,Debit Card,Success
ORD02570,UPI,Success
ORD02571,UPI,Success
ORD02572,Wallet,Success
ORD02573,UPI,Success
ORD02574,Credit Card,Success
ORD02575,Credit Card,Success
ORD02576,Wallet,Success
ORD02577,Credit Card,Success
ORD02578,Credit Card,Success
ORD02579,Net Banking,Success
ORD02580,Net Banking,Success
ORD02581,Credit Card,Success
ORD02582,UPI,Success
ORD02583,Credit Card,Success
ORD02584,Wallet,Success
ORD02585,Debit Card,Success
ORD02586,Credit Card,Success
ORD02587,UPI,Success
ORD02588,Credit Card,Success
ORD02589,Credit Card,Success
ORD02590,Net Banking,Success
ORD02591,Wallet,Success
ORD02592,Wallet,Success
ORD02593,Debit Card,Success
ORD02594,Wallet,Success
ORD02595,Net Banking,Failed
ORD02596,Net Banking,Success
ORD02597,Credit Card,Success
ORD02598,Credit Card,Success
ORD02599,Wallet,Success
ORD02600,Net Banking,Success
ORD02601,Wallet,Success
ORD02602,UPI,Success
ORD02603,Net Banking,Success
ORD02604,Debit Card,Success
ORD02605,Wallet,Success
ORD02606,Net Banking,Success
ORD02607,UPI,Success
ORD02608,Debit Card,Success
ORD02609,Net Banking,Success
ORD02610,Credit Card,Success
ORD02611,Debit Card,Success
ORD02612,Wallet,Success
ORD02613,Debit Card,Success
ORD02614,Net Banking,Success
ORD02615,Credit Card,Success
ORD02616,Wallet,Success
ORD02617,Wallet,Success
ORD02618,UPI,Failed
ORD02619,Net Banking,Success
ORD02620,Net Banking,Success
ORD02621,Debit Card,Success
ORD02622,Wallet,Success
ORD02623,Debit Card,Success
ORD02624,Wallet,Success
ORD02625,Wallet,Success
ORD02626,UPI,Success
ORD02627,Net Banking,Success
ORD02628,Net Banking,Success
ORD02629,Net Banking,Success
ORD02630,Wallet,Success
ORD02631,Credit Card,Success
ORD02632,Wallet,Success
ORD02633,UPI,Success
ORD02634,Debit Card,Failed
ORD02635,Wallet,Success
ORD02636,Net Banking,Success
ORD02637,Wallet,Success
ORD02638,Debit Card,Success
ORD02639,Net Banking,Success
ORD02640,Wallet,Success
ORD02641,Debit Card,Success
ORD02642,Wallet,Success
ORD02643,Net Banking,Success
ORD02644,UPI,Success
ORD02645,Net Banking,Success
ORD02646,Credit Card,Success
ORD02647,Net Banking,Success
ORD02648,UPI,Success
ORD02649,Debit Card,Success
ORD02650,Net Banking,Success
ORD02651,UPI,Success
ORD02652,Credit Card,Failed
ORD02653,Debit Card,Success
ORD02654,UPI,Success
ORD02655,Debit Card,Failed
ORD02656,Wallet,Success
ORD02657,Wallet,Failed
ORD02658,Net Banking,Success
ORD02659,Net Banking,Success
ORD02660,Debit Card,Success
ORD02661,Credit Card,Success
ORD02662,Net Banking,Success
ORD02663,Debit Card,Success
ORD02664,Debit Card,Success
ORD02665,UPI,Success
ORD02666,Credit Card,Success
ORD02667,Net Banking,Success
ORD02668,Net Banking,Success
ORD02669,Debit Card,Success
ORD02670,Wallet,Success
ORD02671,UPI,Success
ORD02672,Debit Card,Success
ORD02673,Credit Card,Success
ORD02674,Net Banking,Failed
ORD02675,Net Banking,Success
ORD02676,Credit Card,Success
ORD02677,Debit Card,Success
ORD02678,UPI,Success
ORD02679,Net Banking,Success
ORD02680,Wallet,Success
ORD02681,Net Banking,Success
ORD02682,Debit Card,Success
ORD02683,UPI,Success
ORD02684,Net Banking,Success
ORD02685,Credit Card,Success
ORD02686,UPI,Success
ORD02687,Wallet,Success
ORD02688,Debit Card,Success
ORD02689,UPI,Success
ORD02690,Credit Card,Success
ORD02691,Wallet,Success
ORD02692,Credit Card,Failed
ORD02693,Net Banking,Success
ORD02694,UPI,Success
ORD02695,Debit Card,Success
ORD02696,Debit Card,Success
ORD02697,UPI,Success
ORD02698,Debit Card,Success
ORD02699,Credit Card,Success
ORD02700,UPI,Success
ORD02701,Credit Card,Success
ORD02702,Credit Card,Success
ORD02703,Debit Card,Success
ORD02704,UPI,Success
ORD02705,Credit Card,Success
ORD02706,Credit Card,Success
ORD02707,Net Banking,Success
ORD02708,Net Banking,Success
ORD02709,Credit Card,Success
ORD02710,Net Banking,Success
ORD02711,Credit Card,Success
ORD02712,Debit Card,Success
ORD02713,Wallet,Success
ORD02714,UPI,Success
ORD02715,Net Banking,Success
ORD02716,UPI,Success
ORD02717,Wallet,Success
ORD02718,UPI,Success
ORD02719,UPI,Success
ORD02720,Net Banking,Success
ORD02721,UPI,Success
ORD02722,UPI,Success
ORD02723,UPI,Success
ORD02724,Debit Card,Success
ORD02725,Credit Card,Failed
ORD02726,UPI,Success
ORD02727,UPI,Success
ORD02728,Credit Card,Success
ORD02729,Net Banking,Success
ORD02730,Net Banking,Success
ORD02731,Credit Card,Success
ORD02732,Net Banking,Success
ORD02733,Net Banking,Success
ORD02734,Credit Card,Success
ORD02735,Wallet,Success
ORD02736,Net Banking,Success
ORD02737,Wallet,Success
ORD02738,UPI,Success
ORD02739,UPI,Success
ORD02740,UPI,Success
ORD02741,Debit Card,Success
ORD02742,Wallet,Success
ORD02743,Wallet,Success
ORD02744,Wallet,Success
ORD02745,Net Banking,Success
ORD02746,Wallet,Success
ORD02747,Net Banking,Success
ORD02748,Debit Card,Success
ORD02749,Credit Card,Success
ORD02750,Credit Card,Success
ORD02751,Net Banking,Success
ORD02752,Debit Card,Success
ORD02753,Credit Card,Success
ORD02754,Wallet,Success
ORD02755,Net Banking,Success
ORD02756,Net Banking,Success
ORD02757,Net Banking,Success
ORD02758,Credit Card,Success
ORD02759,Credit Card,Success
ORD02760,Credit Card,Success
ORD02761,Credit Card,Success
ORD02762,Credit Card,Success
ORD02763,Wallet,Success
ORD02764,Net Banking,Success
ORD02765,UPI,Success
ORD02766,Debit Card,Success
ORD02767,Wallet,Failed
ORD02768,UPI,Success
ORD02769,UPI,Success
ORD02770,Wallet,Success
ORD02771,UPI,Success
ORD02772,Net Banking,Success
ORD02773,Credit Card,Success
ORD02774,UPI,Success
ORD02775,UPI,Success
ORD02776,Debit Card,Success
ORD02777,Debit Card,Success
ORD02778,Net Banking,Success
ORD02779,UPI,Success
ORD02780,UPI,Success
ORD02781,UPI,Success
ORD02782,UPI,Success
ORD02783,Wallet,Success
ORD02784,Wallet,Success
ORD02785,Credit Card,Success
ORD02786,Wallet,Success
ORD02787,Debit Card,Success
ORD02788,Debit Card,Success
ORD02789,Net Banking,Success
ORD02790,Credit Card,Success
ORD02791,Wallet,Success
ORD02792,Credit Card,Success
ORD02793,UPI,Success
ORD02794,Debit Card,Failed
ORD02795,Net Banking,Success
ORD02796,UPI,Success
ORD02797,Credit Card,Success
ORD02798,Net Banking,Success
ORD02799,Wallet,Success
ORD02800,UPI,Success
ORD02801,Net Banking,Success
ORD02802,Wallet,Success
ORD02803,UPI,Success
ORD02804,Credit Card,Success
ORD02805,Net Banking,Success
ORD02806,Net Banking,Success
ORD02807,Credit Card,Success
ORD02808,Net Banking,Success
ORD02809,Debit Card,Success
ORD02810,Debit Card,Success
ORD02811,Net Banking,Success
ORD02812,UPI,Success
ORD02813,Net Banking,Success
ORD02814,Credit Card,Success
ORD02815,Debit Card,Success
ORD02816,Credit Card,Success
ORD02817,Credit Card,Success
ORD02818,UPI,Success
ORD02819,Debit Card,Success
ORD02820,Debit Card,Success
ORD02821,Wallet,Success
ORD02822,Wallet,Success
ORD02823,Net Banking,Success
ORD02824,Wallet,Failed
ORD02825,Net Banking,Success
ORD02826,UPI,Success
ORD02827,UPI,Success
ORD02828,Debit Card,Success
ORD02829,Debit Card,Success
ORD02830,Wallet,Success
ORD02831,UPI,Success
ORD02832,UPI,Success
ORD02833,Debit Card,Success
ORD02834,Debit Card,Success
ORD02835,Debit Card,Success
ORD02836,Wallet,Success
ORD02837,Wallet,Success
ORD02838,Net Banking,Success
ORD02839,Debit Card,Failed
ORD02840,Debit Card,Failed
ORD02841,Credit Card,Success
ORD02842,Wallet,Success
ORD02843,Net Banking,Success
ORD02844,Debit Card,Success
ORD02845,Wallet,Success
ORD02846,UPI,Failed
ORD02847,Net Banking,Success
ORD02848,Debit Card,Success
ORD02849,Net Banking,Success
ORD02850,Wallet,Success
ORD02851,Debit Card,Success
ORD02852,UPI,Success
ORD02853,Debit Card,Success
ORD02854,Wallet,Success
ORD02855,Wallet,Success
ORD02856,Debit Card,Success
ORD02857,UPI,Success
ORD02858,Net Banking,Success
ORD02859,Net Banking,Success
ORD02860,UPI,Success
ORD02861,Credit Card,Success
ORD02862,Credit Card,Success
ORD02863,Debit Card,Success
ORD02864,UPI,Success
ORD02865,Net Banking,Success
ORD02866,UPI,Success
ORD02867,Wallet,Success
ORD02868,Wallet,Success
ORD02869,Net Banking,Success
ORD02870,UPI,Success
ORD02871,Net Banking,Success
ORD02872,UPI,Success
ORD02873,Wallet,Failed
ORD02874,Debit Card,Success
ORD02875,Debit Card,Success
ORD02876,Credit Card,Success
ORD02877,Credit Card,Success
ORD02878,Wallet,Success
ORD02879,UPI,Success
ORD02880,Credit Card,Failed
ORD02881,Net Banking,Success
ORD02882,Credit Card,Success
ORD02883,UPI,Success
ORD02884,Credit Card,Success
ORD02885,Debit Card,Success
ORD02886,Wallet,Success
ORD02887,UPI,Success
ORD02888,Credit Card,Success
ORD02889,Net Banking,Success
ORD02890,Net Banking,Success
ORD02891,Debit Card,Success
ORD02892,UPI,Success
ORD02893,UPI,Success
ORD02894,Wallet,Success
ORD02895,Credit Card,Success
ORD02896,Debit Card,Success
ORD02897,Credit Card,Success
ORD02898,Debit Card,Success
ORD02899,UPI,Success
ORD02900,Debit Card,Success
ORD02901,Wallet,Success
ORD02902,Credit Card,Success
ORD02903,Net Banking,Success
ORD02904,UPI,Success
ORD02905,Wallet,Success
ORD02906,Credit Card,Success
ORD02907,Net Banking,Failed
ORD02908,Debit Card,Success
ORD02909,Credit Card,Success
ORD02910,Credit Card,Success
ORD02911,Net Banking,Success
ORD02912,UPI,Success
ORD02913,Wallet,Failed
ORD02914,Wallet,Success
ORD02915,UPI,Success
ORD02916,UPI,Success
ORD02917,Credit Card,Success
ORD02918,UPI,Success
ORD02919,Net Banking,Success
ORD02920,Wallet,Success
ORD02921,Wallet,Success
ORD02922,UPI,Success
ORD02923,UPI,Success
ORD02924,Wallet,Success
ORD02925,Wallet,Success
ORD02926,Net Banking,Success
ORD02927,Wallet,Success
ORD02928,Debit Card,Success
ORD02929,Debit Card,Success
ORD02930,Debit Card,Success
ORD02931,Debit Card,Success
ORD02932,Debit Card,Success
ORD02933,Debit Card,Success
ORD02934,Credit Card,Success
ORD02935,Debit Card,Success
ORD02936,UPI,Success
ORD02937,Debit Card,Success
ORD02938,Wallet,Success
ORD02939,Debit Card,Success
ORD02940,Credit Card,Success
ORD02941,Wallet,Success
ORD02942,Credit Card,Success
ORD02943,Net Banking,Success
ORD02944,Credit Card,Success
ORD02945,Wallet,Success
ORD02946,Credit Card,Success
ORD02947,UPI,Failed
ORD02948,Credit Card,Success
ORD02949,UPI,Success
ORD02950,Net Banking,Success
ORD02951,Credit Card,Success
ORD02952,Debit Card,Success
ORD02953,UPI,Success
ORD02954,UPI,Success
ORD02955,UPI,Success
ORD02956,Net Banking,Success
ORD02957,Wallet,Success
ORD02958,Debit Card,Success
ORD02959,Wallet,Success
ORD02960,Wallet,Success
ORD02961,Credit Card,Success
ORD02962,Net Banking,Success
ORD02963,Wallet,Success
ORD02964,Net Banking,Failed
ORD02965,Net Banking,Success
ORD02966,Wallet,Success
ORD02967,UPI,Failed
ORD02968,Debit Card,Success
ORD02969,Net Banking,Failed
ORD02970,Wallet,Success
ORD02971,Credit Card,Success
ORD02972,Wallet,Success
ORD02973,Credit Card,Success
ORD02974,Net Banking,Success
ORD02975,UPI,Success
ORD02976,Wallet,Success
ORD02977,Credit Card,Success
ORD02978,Debit Card,Success
ORD02979,Wallet,Success
ORD02980,Debit Card,Success
ORD02981,Wallet,Success
ORD02982,Credit Card,Failed
ORD02983,Debit Card,Success
ORD02984,Net Banking,Success
ORD02985,Wallet,Success
ORD02986,Wallet,Success
ORD02987,Credit Card,Success
ORD02988,Wallet,Success
ORD02989,Net Banking,Success
ORD02990,Debit Card,Success
ORD02991,Debit Card,Success
ORD02992,Credit Card,Success
ORD02993,Net Banking,Success
ORD02994,Net Banking,Success
ORD02995,Net Banking,Success
ORD02996,Net Banking,Success
ORD02997,Credit Card,Success
ORD02998,Credit Card,Success
ORD02999,Wallet,Success
ORD03000,Net Banking,Success
